name,value,year,lastValue,rank
William Thomas Astbury,149.473884,2008,160.380053,
William Thomas Astbury,160.380053,2007,145.876153,
William Thomas Astbury,145.876153,2006,136.447088,
William Thomas Astbury,136.447088,2005,204.638014,
William Thomas Astbury,204.638014,2004,332.291767,
William Thomas Astbury,332.291767,2003,399.369102,
William Thomas Astbury,399.369102,2002,370.322674,
William Thomas Astbury,370.322674,2001,372.996912,
William Thomas Astbury,372.996912,2000,395.188936,
William Thomas Astbury,395.188936,1999,539.128252,
William Thomas Astbury,539.128252,1998,605.975256,
William Thomas Astbury,605.975256,1997,516.456756,
William Thomas Astbury,516.456756,1996,505.937647,
William Thomas Astbury,505.937647,1995,558.431375,
William Thomas Astbury,558.431375,1994,566.997173,
William Thomas Astbury,566.997173,1993,621.575438,
William Thomas Astbury,621.575438,1992,581.584063,
William Thomas Astbury,581.584063,1991,487.341647,
William Thomas Astbury,487.341647,1990,473.862669,
William Thomas Astbury,473.862669,1989,450.825799,
William Thomas Astbury,450.825799,1988,421.773321,
William Thomas Astbury,421.773321,1987,410.063442,
William Thomas Astbury,410.063442,1986,411.370031,
William Thomas Astbury,411.370031,1985,296.011705,
William Thomas Astbury,296.011705,1984,340.81692,
William Thomas Astbury,340.81692,1983,347.708059,
William Thomas Astbury,347.708059,1982,295.525368,
William Thomas Astbury,295.525368,1981,241.710657,
William Thomas Astbury,241.710657,1980,280.385459,
William Thomas Astbury,280.385459,1979,191.829059,
William Thomas Astbury,191.829059,1978,544.956173,
William Thomas Astbury,544.956173,1977,452.02302,
William Thomas Astbury,452.02302,1976,523.147795,
William Thomas Astbury,523.147795,1975,523.147795,
William Thomas Astbury,523.147795,1974,523.147795,
William Thomas Astbury,523.147795,1973,455.799303,
William Thomas Astbury,455.799303,1972,455.799303,
William Thomas Astbury,455.799303,1971,102.672188,
William Thomas Astbury,102.672188,1970,102.672188,
William Thomas Astbury,102.672188,1969,0,
William Thomas Astbury,0,1968,0,
William Thomas Astbury,0,1967,48.343365,
William Thomas Astbury,48.343365,1966,149.707401,
William Thomas Astbury,149.707401,1965,149.707401,
William Thomas Astbury,149.707401,1964,210.70581,
William Thomas Astbury,210.70581,1963,279.91161,
William Thomas Astbury,279.91161,1962,279.91161,
William Thomas Astbury,279.91161,1961,279.91161,
William Thomas Astbury,279.91161,1960,310.169505,
William Thomas Astbury,310.169505,1959,371.91049,
William Thomas Astbury,371.91049,1958,371.91049,
William Thomas Astbury,371.91049,1957,310.912082,
William Thomas Astbury,310.912082,1956,241.706282,
William Thomas Astbury,241.706282,1955,241.706282,
William Thomas Astbury,241.706282,1954,241.706282,
William Thomas Astbury,241.706282,1953,250.158672,
William Thomas Astbury,250.158672,1952,87.05365,
William Thomas Astbury,87.05365,1951,87.05365,
William Thomas Astbury,87.05365,1950,87.05365,
William Thomas Astbury,87.05365,1949,87.05365,
William Thomas Astbury,87.05365,1948,87.05365,
William Thomas Astbury,87.05365,1947,87.05365,
William Thomas Astbury,87.05365,1946,0,
William Thomas Astbury,0,1945,0,
William Thomas Astbury,0,1944,0,
William Thomas Astbury,0,1943,0,
William Thomas Astbury,0,1942,0,
William Thomas Astbury,0,1941,0,
William Thomas Astbury,0,1940,0,
William Thomas Astbury,0,1939,0,
William Thomas Astbury,0,1938,0,
William Thomas Astbury,0,1937,0,
William Thomas Astbury,0,1936,0,
William Thomas Astbury,0,1935,0,
William Thomas Astbury,0,1934,0,
William Thomas Astbury,0,1933,0,
William Thomas Astbury,0,1932,0,
William Thomas Astbury,0,1931,0,
William Thomas Astbury,0,1930,0,
William Thomas Astbury,0,1929,0,
William Thomas Astbury,0,1928,0,
William Thomas Astbury,0,1927,0,
William Thomas Astbury,0,1926,0,
William Thomas Astbury,0,1925,0,
William Thomas Astbury,0,1924,0,
William Thomas Astbury,0,1923,0,
William Thomas Astbury,0,1922,0,
William Thomas Astbury,0,1921,0,
William Thomas Astbury,0,1920,0,
William Thomas Astbury,0,1919,0,
William Thomas Astbury,0,1918,0,
William Thomas Astbury,0,1917,0,
William Thomas Astbury,0,1916,0,
William Thomas Astbury,0,1915,0,
William Thomas Astbury,0,1914,0,
William Thomas Astbury,0,1913,0,
William Thomas Astbury,0,1912,0,
William Thomas Astbury,0,1911,0,
William Thomas Astbury,0,1910,0,
William Thomas Astbury,0,1909,0,
William Thomas Astbury,0,1908,0,
William Thomas Astbury,0,1907,0,
William Thomas Astbury,0,1906,0,
William Thomas Astbury,0,1905,0,
William Thomas Astbury,0,1904,0,
William Thomas Astbury,0,1903,0,
William Thomas Astbury,0,1902,0,
William Thomas Astbury,0,1901,0,
William Thomas Astbury,0,1900,0,
William Thomas Astbury,0,1899,0,
William Thomas Astbury,0,1898,0,
William Thomas Astbury,0,1897,0,
William Thomas Astbury,0,1896,0,
William Thomas Astbury,0,1895,0,
William Thomas Astbury,0,1894,0,
William Thomas Astbury,0,1893,0,
William Thomas Astbury,0,1892,0,
William Thomas Astbury,0,1891,0,
William Thomas Astbury,0,1890,0,
William Thomas Astbury,0,1889,0,
William Thomas Astbury,0,1888,0,
William Thomas Astbury,0,1887,0,
William Thomas Astbury,0,1886,0,
William Thomas Astbury,0,1885,0,
William Thomas Astbury,0,1884,0,
William Thomas Astbury,0,1883,0,
William Thomas Astbury,0,1882,0,
William Thomas Astbury,0,1881,0,
William Thomas Astbury,0,1880,0,
William Thomas Astbury,0,1879,0,
William Thomas Astbury,0,1878,0,
William Thomas Astbury,0,1877,0,
William Thomas Astbury,0,1876,0,
William Thomas Astbury,0,1875,0,
William Thomas Astbury,0,1874,0,
William Thomas Astbury,0,1873,0,
William Thomas Astbury,0,1872,0,
William Thomas Astbury,0,1871,0,
William Thomas Astbury,0,1870,0,
William Thomas Astbury,0,1869,0,
William Thomas Astbury,0,1868,0,
William Thomas Astbury,0,1867,0,
William Thomas Astbury,0,1866,0,
William Thomas Astbury,0,1865,0,
William Thomas Astbury,0,1864,0,
William Thomas Astbury,0,1863,0,
William Thomas Astbury,0,1862,0,
William Thomas Astbury,0,1861,0,
William Thomas Astbury,0,1860,0,
William Thomas Astbury,0,1859,0,
William Thomas Astbury,0,1858,0,
William Thomas Astbury,0,1857,0,
William Thomas Astbury,0,1856,0,
William Thomas Astbury,0,1855,0,
William Thomas Astbury,0,1854,0,
William Thomas Astbury,0,1853,0,
William Thomas Astbury,0,1852,0,
William Thomas Astbury,0,1851,0,
William Thomas Astbury,0,1850,0,
William Thomas Astbury,0,1849,0,
William Thomas Astbury,0,1848,0,
William Thomas Astbury,0,1847,0,
William Thomas Astbury,0,1846,0,
William Thomas Astbury,0,1845,0,
William Thomas Astbury,0,1844,0,
William Thomas Astbury,0,1843,0,
William Thomas Astbury,0,1842,0,
William Thomas Astbury,0,1841,0,
William Thomas Astbury,0,1840,0,
William Thomas Astbury,0,1839,0,
William Thomas Astbury,0,1838,0,
William Thomas Astbury,0,1837,0,
William Thomas Astbury,0,1836,0,
William Thomas Astbury,0,1835,0,
William Thomas Astbury,0,1834,0,
William Thomas Astbury,0,1833,0,
William Thomas Astbury,0,1832,0,
William Thomas Astbury,0,1831,0,
William Thomas Astbury,0,1830,0,
William Thomas Astbury,0,1829,0,
William Thomas Astbury,0,1828,0,
William Thomas Astbury,0,1827,0,
William Thomas Astbury,0,1826,0,
William Thomas Astbury,0,1825,0,
William Thomas Astbury,0,1824,0,
William Thomas Astbury,0,1823,0,
William Thomas Astbury,0,1822,0,
William Thomas Astbury,0,1821,0,
William Thomas Astbury,0,1820,0,
William Thomas Astbury,0,1819,0,
William Thomas Astbury,0,1818,0,
William Thomas Astbury,0,1817,0,
William Thomas Astbury,0,1816,0,
William Thomas Astbury,0,1815,0,
William Thomas Astbury,0,1814,0,
William Thomas Astbury,0,1813,0,
William Thomas Astbury,0,1812,0,
William Thomas Astbury,0,1811,0,
William Thomas Astbury,0,1810,0,
William Thomas Astbury,0,1809,0,
William Thomas Astbury,0,1808,0,
William Thomas Astbury,0,1807,0,
William Thomas Astbury,0,1806,0,
William Thomas Astbury,0,1805,0,
William Thomas Astbury,0,1804,0,
William Thomas Astbury,0,1803,0,
William Thomas Astbury,0,1802,0,
William Thomas Astbury,0,1801,0,
William Thomas Astbury,0,1800,0,
William Keith Brooks,715.0964335,2008,789.6821919,
William Keith Brooks,789.6821919,2007,780.3295834,
William Keith Brooks,780.3295834,2006,851.4200971,
William Keith Brooks,851.4200971,2005,804.4913505,
William Keith Brooks,804.4913505,2004,758.5877085,
William Keith Brooks,758.5877085,2003,1131.884594,
William Keith Brooks,1131.884594,2002,1405.909274,
William Keith Brooks,1405.909274,2001,1345.930411,
William Keith Brooks,1345.930411,2000,1437.164463,
William Keith Brooks,1437.164463,1999,1427.209077,
William Keith Brooks,1427.209077,1998,1560.903085,
William Keith Brooks,1560.903085,1997,1567.044462,
William Keith Brooks,1567.044462,1996,1128.576466,
William Keith Brooks,1128.576466,1995,1736.38094,
William Keith Brooks,1736.38094,1994,1721.694767,
William Keith Brooks,1721.694767,1993,1809.227367,
William Keith Brooks,1809.227367,1992,1798.118238,
William Keith Brooks,1798.118238,1991,1802.145143,
William Keith Brooks,1802.145143,1990,2016.161282,
William Keith Brooks,2016.161282,1989,2179.995803,
William Keith Brooks,2179.995803,1988,1456.808198,
William Keith Brooks,1456.808198,1987,1548.083201,
William Keith Brooks,1548.083201,1986,1323.558929,
William Keith Brooks,1323.558929,1985,1192.929245,
William Keith Brooks,1192.929245,1984,997.0947857,
William Keith Brooks,997.0947857,1983,946.7076627,
William Keith Brooks,946.7076627,1982,960.39768,
William Keith Brooks,960.39768,1981,772.0461869,
William Keith Brooks,772.0461869,1980,802.0495201,
William Keith Brooks,802.0495201,1979,847.4299893,
William Keith Brooks,847.4299893,1978,1134.372429,
William Keith Brooks,1134.372429,1977,1111.834656,
William Keith Brooks,1111.834656,1976,891.0027636,
William Keith Brooks,891.0027636,1975,694.6733347,
William Keith Brooks,694.6733347,1974,869.4694647,
William Keith Brooks,869.4694647,1973,776.1371387,
William Keith Brooks,776.1371387,1972,707.7145497,
William Keith Brooks,707.7145497,1971,702.316677,
William Keith Brooks,702.316677,1970,755.5413953,
William Keith Brooks,755.5413953,1969,885.3869899,
William Keith Brooks,885.3869899,1968,934.1264111,
William Keith Brooks,934.1264111,1967,807.6736462,
William Keith Brooks,807.6736462,1966,698.9604966,
William Keith Brooks,698.9604966,1965,662.9650162,
William Keith Brooks,662.9650162,1964,899.5341614,
William Keith Brooks,899.5341614,1963,775.9140632,
William Keith Brooks,775.9140632,1962,646.0684686,
William Keith Brooks,646.0684686,1961,670.4962815,
William Keith Brooks,670.4962815,1960,622.1529165,
William Keith Brooks,622.1529165,1959,622.1529165,
William Keith Brooks,622.1529165,1958,622.1529165,
William Keith Brooks,622.1529165,1957,73.16723418,
William Keith Brooks,73.16723418,1956,601.6868115,
William Keith Brooks,601.6868115,1955,690.7834939,
William Keith Brooks,690.7834939,1954,617.6162597,
William Keith Brooks,617.6162597,1953,617.6162597,
William Keith Brooks,617.6162597,1952,713.7512565,
William Keith Brooks,713.7512565,1951,1023.002706,
William Keith Brooks,1023.002706,1950,1260.460474,
William Keith Brooks,1260.460474,1949,731.9408968,
William Keith Brooks,731.9408968,1948,2049.970313,
William Keith Brooks,2049.970313,1947,2049.970313,
William Keith Brooks,2049.970313,1946,2323.281972,
William Keith Brooks,2323.281972,1945,2227.146975,
William Keith Brooks,2227.146975,1944,2039.022062,
William Keith Brooks,2039.022062,1943,1801.564295,
William Keith Brooks,1801.564295,1942,1914.780112,
William Keith Brooks,1914.780112,1941,507.6540141,
William Keith Brooks,507.6540141,1940,626.7171623,
William Keith Brooks,626.7171623,1939,353.4055033,
William Keith Brooks,353.4055033,1938,1031.353106,
William Keith Brooks,1031.353106,1937,910.2265687,
William Keith Brooks,910.2265687,1936,910.2265687,
William Keith Brooks,910.2265687,1935,1038.362991,
William Keith Brooks,1038.362991,1934,1267.872783,
William Keith Brooks,1267.872783,1933,2263.214711,
William Keith Brooks,2263.214711,1932,2263.214711,
William Keith Brooks,2263.214711,1931,2407.61939,
William Keith Brooks,2407.61939,1930,2543.213386,
William Keith Brooks,2543.213386,1929,2543.213386,
William Keith Brooks,2543.213386,1928,2569.131828,
William Keith Brooks,2569.131828,1927,2463.696096,
William Keith Brooks,2463.696096,1926,4078.586159,
William Keith Brooks,4078.586159,1925,5604.993097,
William Keith Brooks,5604.993097,1924,5605.611967,
William Keith Brooks,5605.611967,1923,5721.391036,
William Keith Brooks,5721.391036,1922,5721.391036,
William Keith Brooks,5721.391036,1921,5695.610118,
William Keith Brooks,5695.610118,1920,5693.073846,
William Keith Brooks,5693.073846,1919,3789.296012,
William Keith Brooks,3789.296012,1918,3017.666014,
William Keith Brooks,3017.666014,1917,3352.973288,
William Keith Brooks,3352.973288,1916,4299.240939,
William Keith Brooks,4299.240939,1915,5885.408708,
William Keith Brooks,5885.408708,1914,7963.671714,
William Keith Brooks,7963.671714,1913,8176.103445,
William Keith Brooks,8176.103445,1912,7753.815336,
William Keith Brooks,7753.815336,1911,7201.680506,
William Keith Brooks,7201.680506,1910,6554.668697,
William Keith Brooks,6554.668697,1909,6097.055004,
William Keith Brooks,6097.055004,1908,4612.528359,
William Keith Brooks,4612.528359,1907,2405.595826,
William Keith Brooks,2405.595826,1906,2180.568202,
William Keith Brooks,2180.568202,1905,2777.340294,
William Keith Brooks,2777.340294,1904,3746.480856,
William Keith Brooks,3746.480856,1903,5205.309311,
William Keith Brooks,5205.309311,1902,4465.282287,
William Keith Brooks,4465.282287,1901,4502.08074,
William Keith Brooks,4502.08074,1900,4389.260503,
William Keith Brooks,4389.260503,1899,4280.318607,
William Keith Brooks,4280.318607,1898,4233.10539,
William Keith Brooks,4233.10539,1897,3217.343328,
William Keith Brooks,3217.343328,1896,1247.248257,
William Keith Brooks,1247.248257,1895,1751.597898,
William Keith Brooks,1751.597898,1894,1794.644306,
William Keith Brooks,1794.644306,1893,1794.644306,
William Keith Brooks,1794.644306,1892,1794.644306,
William Keith Brooks,1794.644306,1891,1020.012138,
William Keith Brooks,1020.012138,1890,863.9915291,
William Keith Brooks,863.9915291,1889,863.9915291,
William Keith Brooks,863.9915291,1888,359.6418877,
William Keith Brooks,359.6418877,1887,178.1559027,
William Keith Brooks,178.1559027,1886,1040.296674,
William Keith Brooks,1040.296674,1885,1040.296674,
William Keith Brooks,1040.296674,1884,862.1407715,
William Keith Brooks,862.1407715,1883,862.1407715,
William Keith Brooks,862.1407715,1882,862.1407715,
William Keith Brooks,862.1407715,1881,862.1407715,
William Keith Brooks,862.1407715,1880,862.1407715,
William Keith Brooks,862.1407715,1879,665.6141035,
William Keith Brooks,665.6141035,1878,665.6141035,
William Keith Brooks,665.6141035,1877,1154.866393,
William Keith Brooks,1154.866393,1876,1154.866393,
William Keith Brooks,1154.866393,1875,1154.866393,
William Keith Brooks,1154.866393,1874,1154.866393,
William Keith Brooks,1154.866393,1873,1154.866393,
William Keith Brooks,1154.866393,1872,489.2522895,
William Keith Brooks,489.2522895,1871,489.2522895,
William Keith Brooks,489.2522895,1870,0,
William Keith Brooks,0,1869,0,
William Keith Brooks,0,1868,0,
William Keith Brooks,0,1867,0,
William Keith Brooks,0,1866,0,
William Keith Brooks,0,1865,0,
William Keith Brooks,0,1864,0,
William Keith Brooks,0,1863,0,
William Keith Brooks,0,1862,0,
William Keith Brooks,0,1861,0,
William Keith Brooks,0,1860,0,
William Keith Brooks,0,1859,0,
William Keith Brooks,0,1858,0,
William Keith Brooks,0,1857,0,
William Keith Brooks,0,1856,0,
William Keith Brooks,0,1855,0,
William Keith Brooks,0,1854,0,
William Keith Brooks,0,1853,0,
William Keith Brooks,0,1852,0,
William Keith Brooks,0,1851,0,
William Keith Brooks,0,1850,0,
William Keith Brooks,0,1849,0,
William Keith Brooks,0,1848,0,
William Keith Brooks,0,1847,0,
William Keith Brooks,0,1846,0,
William Keith Brooks,0,1845,0,
William Keith Brooks,0,1844,0,
William Keith Brooks,0,1843,0,
William Keith Brooks,0,1842,0,
William Keith Brooks,0,1841,0,
William Keith Brooks,0,1840,0,
William Keith Brooks,0,1839,0,
William Keith Brooks,0,1838,0,
William Keith Brooks,0,1837,0,
William Keith Brooks,0,1836,0,
William Keith Brooks,0,1835,0,
William Keith Brooks,0,1834,0,
William Keith Brooks,0,1833,0,
William Keith Brooks,0,1832,0,
William Keith Brooks,0,1831,0,
William Keith Brooks,0,1830,0,
William Keith Brooks,0,1829,0,
William Keith Brooks,0,1828,0,
William Keith Brooks,0,1827,0,
William Keith Brooks,0,1826,0,
William Keith Brooks,0,1825,0,
William Keith Brooks,0,1824,0,
William Keith Brooks,0,1823,0,
William Keith Brooks,0,1822,0,
William Keith Brooks,0,1821,0,
William Keith Brooks,0,1820,0,
William Keith Brooks,0,1819,0,
William Keith Brooks,0,1818,0,
William Keith Brooks,0,1817,0,
William Keith Brooks,0,1816,0,
William Keith Brooks,0,1815,0,
William Keith Brooks,0,1814,0,
William Keith Brooks,0,1813,0,
William Keith Brooks,0,1812,0,
William Keith Brooks,0,1811,0,
William Keith Brooks,0,1810,0,
William Keith Brooks,0,1809,0,
William Keith Brooks,0,1808,0,
William Keith Brooks,0,1807,0,
William Keith Brooks,0,1806,0,
William Keith Brooks,0,1805,0,
William Keith Brooks,0,1804,0,
William Keith Brooks,0,1803,0,
William Keith Brooks,0,1802,0,
William Keith Brooks,0,1801,0,
William Keith Brooks,0,1800,0,
Warren Weaver,24181.93334,2008,24652.75735,
Warren Weaver,24652.75735,2007,26023.7701,
Warren Weaver,26023.7701,2006,27994.49079,
Warren Weaver,27994.49079,2005,30187.1904,
Warren Weaver,30187.1904,2004,31274.42635,
Warren Weaver,31274.42635,2003,31888.32259,
Warren Weaver,31888.32259,2002,32508.30462,
Warren Weaver,32508.30462,2001,32457.72514,
Warren Weaver,32457.72514,2000,33328.86221,
Warren Weaver,33328.86221,1999,32520.81119,
Warren Weaver,32520.81119,1998,35434.53125,
Warren Weaver,35434.53125,1997,37288.6042,
Warren Weaver,37288.6042,1996,38603.5894,
Warren Weaver,38603.5894,1995,40027.62058,
Warren Weaver,40027.62058,1994,42456.36833,
Warren Weaver,42456.36833,1993,43967.92771,
Warren Weaver,43967.92771,1992,45083.2367,
Warren Weaver,45083.2367,1991,42538.47052,
Warren Weaver,42538.47052,1990,42455.25633,
Warren Weaver,42455.25633,1989,43902.64609,
Warren Weaver,43902.64609,1988,44198.56481,
Warren Weaver,44198.56481,1987,44962.3211,
Warren Weaver,44962.3211,1986,43393.21436,
Warren Weaver,43393.21436,1985,43453.6313,
Warren Weaver,43453.6313,1984,45572.26012,
Warren Weaver,45572.26012,1983,46043.48293,
Warren Weaver,46043.48293,1982,45749.08731,
Warren Weaver,45749.08731,1981,47007.01948,
Warren Weaver,47007.01948,1980,48613.33888,
Warren Weaver,48613.33888,1979,50339.41568,
Warren Weaver,50339.41568,1978,50581.82546,
Warren Weaver,50581.82546,1977,53780.96495,
Warren Weaver,53780.96495,1976,54747.57156,
Warren Weaver,54747.57156,1975,56441.24152,
Warren Weaver,56441.24152,1974,58690.34071,
Warren Weaver,58690.34071,1973,56620.18054,
Warren Weaver,56620.18054,1972,60417.74674,
Warren Weaver,60417.74674,1971,66945.71856,
Warren Weaver,66945.71856,1970,66469.11085,
Warren Weaver,66469.11085,1969,67528.44531,
Warren Weaver,67528.44531,1968,69272.85564,
Warren Weaver,69272.85564,1967,66963.54404,
Warren Weaver,66963.54404,1966,66250.00129,
Warren Weaver,66250.00129,1965,62168.53978,
Warren Weaver,62168.53978,1964,55220.15505,
Warren Weaver,55220.15505,1963,50666.3029,
Warren Weaver,50666.3029,1962,46347.22219,
Warren Weaver,46347.22219,1961,38486.77364,
Warren Weaver,38486.77364,1960,39778.52612,
Warren Weaver,39778.52612,1959,42189.43772,
Warren Weaver,42189.43772,1958,39908.37172,
Warren Weaver,39908.37172,1957,36600.00379,
Warren Weaver,36600.00379,1956,34596.73893,
Warren Weaver,34596.73893,1955,30345.15287,
Warren Weaver,30345.15287,1954,29691.16527,
Warren Weaver,29691.16527,1953,24598.59814,
Warren Weaver,24598.59814,1952,21750.99358,
Warren Weaver,21750.99358,1951,18750.95463,
Warren Weaver,18750.95463,1950,17879.39504,
Warren Weaver,17879.39504,1949,17543.01345,
Warren Weaver,17543.01345,1948,17363.80481,
Warren Weaver,17363.80481,1947,17273.93143,
Warren Weaver,17273.93143,1946,13370.56669,
Warren Weaver,13370.56669,1945,8428.551412,
Warren Weaver,8428.551412,1944,7449.402587,
Warren Weaver,7449.402587,1943,5860.288968,
Warren Weaver,5860.288968,1942,3351.1023,
Warren Weaver,3351.1023,1941,3012.069752,
Warren Weaver,3012.069752,1940,2395.551424,
Warren Weaver,2395.551424,1939,2630.973851,
Warren Weaver,2630.973851,1938,2254.276289,
Warren Weaver,2254.276289,1937,2900.024506,
Warren Weaver,2900.024506,1936,3177.526988,
Warren Weaver,3177.526988,1935,3205.904225,
Warren Weaver,3205.904225,1934,3093.257222,
Warren Weaver,3093.257222,1933,2993.242241,
Warren Weaver,2993.242241,1932,2982.469494,
Warren Weaver,2982.469494,1931,3542.551189,
Warren Weaver,3542.551189,1930,2204.309291,
Warren Weaver,2204.309291,1929,1817.774042,
Warren Weaver,1817.774042,1928,1485.000543,
Warren Weaver,1485.000543,1927,1384.453052,
Warren Weaver,1384.453052,1926,1030.421137,
Warren Weaver,1030.421137,1925,917.644365,
Warren Weaver,917.644365,1924,357.56267,
Warren Weaver,357.56267,1923,357.56267,
Warren Weaver,357.56267,1922,357.56267,
Warren Weaver,357.56267,1921,345.172835,
Warren Weaver,345.172835,1920,226.874337,
Warren Weaver,226.874337,1919,339.16993,
Warren Weaver,339.16993,1918,329.999916,
Warren Weaver,329.999916,1917,530.636218,
Warren Weaver,530.636218,1916,530.636218,
Warren Weaver,530.636218,1915,530.636218,
Warren Weaver,530.636218,1914,415.634788,
Warren Weaver,415.634788,1913,415.634788,
Warren Weaver,415.634788,1912,303.339195,
Warren Weaver,303.339195,1911,200.636301,
Warren Weaver,200.636301,1910,0,
Warren Weaver,0,1909,0,
Warren Weaver,0,1908,0,
Warren Weaver,0,1907,0,
Warren Weaver,0,1906,0,
Warren Weaver,0,1905,0,
Warren Weaver,0,1904,0,
Warren Weaver,0,1903,0,
Warren Weaver,0,1902,0,
Warren Weaver,0,1901,131.965962,
Warren Weaver,131.965962,1900,391.183435,
Warren Weaver,391.183435,1899,391.183435,
Warren Weaver,391.183435,1898,391.183435,
Warren Weaver,391.183435,1897,540.007959,
Warren Weaver,540.007959,1896,685.475153,
Warren Weaver,685.475153,1895,685.475153,
Warren Weaver,685.475153,1894,553.509191,
Warren Weaver,553.509191,1893,294.291718,
Warren Weaver,294.291718,1892,294.291718,
Warren Weaver,294.291718,1891,294.291718,
Warren Weaver,294.291718,1890,145.467194,
Warren Weaver,145.467194,1889,0,
Warren Weaver,0,1888,0,
Warren Weaver,0,1887,0,
Warren Weaver,0,1886,0,
Warren Weaver,0,1885,0,
Warren Weaver,0,1884,0,
Warren Weaver,0,1883,0,
Warren Weaver,0,1882,0,
Warren Weaver,0,1881,0,
Warren Weaver,0,1880,0,
Warren Weaver,0,1879,0,
Warren Weaver,0,1878,0,
Warren Weaver,0,1877,0,
Warren Weaver,0,1876,0,
Warren Weaver,0,1875,0,
Warren Weaver,0,1874,993.885736,
Warren Weaver,993.885736,1873,993.885736,
Warren Weaver,993.885736,1872,993.885736,
Warren Weaver,993.885736,1871,993.885736,
Warren Weaver,993.885736,1870,993.885736,
Warren Weaver,993.885736,1869,993.885736,
Warren Weaver,993.885736,1868,993.885736,
Warren Weaver,993.885736,1867,0,
Warren Weaver,0,1866,0,
Warren Weaver,0,1865,0,
Warren Weaver,0,1864,0,
Warren Weaver,0,1863,0,
Warren Weaver,0,1862,0,
Warren Weaver,0,1861,0,
Warren Weaver,0,1860,0,
Warren Weaver,0,1859,0,
Warren Weaver,0,1858,0,
Warren Weaver,0,1857,0,
Warren Weaver,0,1856,0,
Warren Weaver,0,1855,0,
Warren Weaver,0,1854,0,
Warren Weaver,0,1853,0,
Warren Weaver,0,1852,0,
Warren Weaver,0,1851,0,
Warren Weaver,0,1850,0,
Warren Weaver,0,1849,0,
Warren Weaver,0,1848,0,
Warren Weaver,0,1847,0,
Warren Weaver,0,1846,0,
Warren Weaver,0,1845,0,
Warren Weaver,0,1844,0,
Warren Weaver,0,1843,0,
Warren Weaver,0,1842,0,
Warren Weaver,0,1841,0,
Warren Weaver,0,1840,0,
Warren Weaver,0,1839,0,
Warren Weaver,0,1838,0,
Warren Weaver,0,1837,0,
Warren Weaver,0,1836,0,
Warren Weaver,0,1835,0,
Warren Weaver,0,1834,0,
Warren Weaver,0,1833,0,
Warren Weaver,0,1832,0,
Warren Weaver,0,1831,0,
Warren Weaver,0,1830,0,
Warren Weaver,0,1829,0,
Warren Weaver,0,1828,0,
Warren Weaver,0,1827,0,
Warren Weaver,0,1826,0,
Warren Weaver,0,1825,0,
Warren Weaver,0,1824,0,
Warren Weaver,0,1823,0,
Warren Weaver,0,1822,0,
Warren Weaver,0,1821,0,
Warren Weaver,0,1820,0,
Warren Weaver,0,1819,0,
Warren Weaver,0,1818,0,
Warren Weaver,0,1817,0,
Warren Weaver,0,1816,0,
Warren Weaver,0,1815,0,
Warren Weaver,0,1814,0,
Warren Weaver,0,1813,0,
Warren Weaver,0,1812,0,
Warren Weaver,0,1811,0,
Warren Weaver,0,1810,0,
Warren Weaver,0,1809,0,
Warren Weaver,0,1808,0,
Warren Weaver,0,1807,0,
Warren Weaver,0,1806,0,
Warren Weaver,0,1805,0,
Warren Weaver,0,1804,0,
Warren Weaver,0,1803,0,
Warren Weaver,0,1802,0,
Warren Weaver,0,1801,0,
Warren Weaver,0,1800,0,
Thomas Clifford Allbutt,1250.188522,2008,1231.356184,
Thomas Clifford Allbutt,1231.356184,2007,1209.521788,
Thomas Clifford Allbutt,1209.521788,2006,1196.478353,
Thomas Clifford Allbutt,1196.478353,2005,1075.125814,
Thomas Clifford Allbutt,1075.125814,2004,1502.455343,
Thomas Clifford Allbutt,1502.455343,2003,1346.184204,
Thomas Clifford Allbutt,1346.184204,2002,1344.218364,
Thomas Clifford Allbutt,1344.218364,2001,1433.613839,
Thomas Clifford Allbutt,1433.613839,2000,1537.793377,
Thomas Clifford Allbutt,1537.793377,1999,1447.092295,
Thomas Clifford Allbutt,1447.092295,1998,1476.177625,
Thomas Clifford Allbutt,1476.177625,1997,1188.071879,
Thomas Clifford Allbutt,1188.071879,1996,1280.607445,
Thomas Clifford Allbutt,1280.607445,1995,1413.245251,
Thomas Clifford Allbutt,1413.245251,1994,1340.429149,
Thomas Clifford Allbutt,1340.429149,1993,1188.119048,
Thomas Clifford Allbutt,1188.119048,1992,1234.433064,
Thomas Clifford Allbutt,1234.433064,1991,1260.51049,
Thomas Clifford Allbutt,1260.51049,1990,1100.079151,
Thomas Clifford Allbutt,1100.079151,1989,1206.321515,
Thomas Clifford Allbutt,1206.321515,1988,1071.539916,
Thomas Clifford Allbutt,1071.539916,1987,1119.203377,
Thomas Clifford Allbutt,1119.203377,1986,1157.73511,
Thomas Clifford Allbutt,1157.73511,1985,1196.736626,
Thomas Clifford Allbutt,1196.736626,1984,1152.199713,
Thomas Clifford Allbutt,1152.199713,1983,1134.434576,
Thomas Clifford Allbutt,1134.434576,1982,854.0599953,
Thomas Clifford Allbutt,854.0599953,1981,785.7439005,
Thomas Clifford Allbutt,785.7439005,1980,590.0286232,
Thomas Clifford Allbutt,590.0286232,1979,512.046669,
Thomas Clifford Allbutt,512.046669,1978,463.6249658,
Thomas Clifford Allbutt,463.6249658,1977,445.3071741,
Thomas Clifford Allbutt,445.3071741,1976,584.8800848,
Thomas Clifford Allbutt,584.8800848,1975,904.1467931,
Thomas Clifford Allbutt,904.1467931,1974,1292.396031,
Thomas Clifford Allbutt,1292.396031,1973,1294.959501,
Thomas Clifford Allbutt,1294.959501,1972,1549.30679,
Thomas Clifford Allbutt,1549.30679,1971,1443.368651,
Thomas Clifford Allbutt,1443.368651,1970,2038.289509,
Thomas Clifford Allbutt,2038.289509,1969,1997.01478,
Thomas Clifford Allbutt,1997.01478,1968,1839.984185,
Thomas Clifford Allbutt,1839.984185,1967,1627.231084,
Thomas Clifford Allbutt,1627.231084,1966,1844.403455,
Thomas Clifford Allbutt,1844.403455,1965,1854.225376,
Thomas Clifford Allbutt,1854.225376,1964,1915.223785,
Thomas Clifford Allbutt,1915.223785,1963,2183.591082,
Thomas Clifford Allbutt,2183.591082,1962,2198.330545,
Thomas Clifford Allbutt,2198.330545,1961,2076.540095,
Thomas Clifford Allbutt,2076.540095,1960,1913.424534,
Thomas Clifford Allbutt,1913.424534,1959,2312.434534,
Thomas Clifford Allbutt,2312.434534,1958,2236.493312,
Thomas Clifford Allbutt,2236.493312,1957,2355.136903,
Thomas Clifford Allbutt,2355.136903,1956,1474.342267,
Thomas Clifford Allbutt,1474.342267,1955,1329.757209,
Thomas Clifford Allbutt,1329.757209,1954,1864.713812,
Thomas Clifford Allbutt,1864.713812,1953,2743.702686,
Thomas Clifford Allbutt,2743.702686,1952,2764.227601,
Thomas Clifford Allbutt,2764.227601,1951,2815.639016,
Thomas Clifford Allbutt,2815.639016,1950,4060.743559,
Thomas Clifford Allbutt,4060.743559,1949,3972.656965,
Thomas Clifford Allbutt,3972.656965,1948,3972.656965,
Thomas Clifford Allbutt,3972.656965,1947,3364.533128,
Thomas Clifford Allbutt,3364.533128,1946,2543.598824,
Thomas Clifford Allbutt,2543.598824,1945,2134.190412,
Thomas Clifford Allbutt,2134.190412,1944,2067.192037,
Thomas Clifford Allbutt,2067.192037,1943,871.1615397,
Thomas Clifford Allbutt,871.1615397,1942,871.1615397,
Thomas Clifford Allbutt,871.1615397,1941,1334.877938,
Thomas Clifford Allbutt,1334.877938,1940,1573.004235,
Thomas Clifford Allbutt,1573.004235,1939,1559.808774,
Thomas Clifford Allbutt,1559.808774,1938,1431.861709,
Thomas Clifford Allbutt,1431.861709,1937,1189.608634,
Thomas Clifford Allbutt,1189.608634,1936,1501.198039,
Thomas Clifford Allbutt,1501.198039,1935,1983.902518,
Thomas Clifford Allbutt,1983.902518,1934,1749.695912,
Thomas Clifford Allbutt,1749.695912,1933,2130.683519,
Thomas Clifford Allbutt,2130.683519,1932,2596.21962,
Thomas Clifford Allbutt,2596.21962,1931,2695.587896,
Thomas Clifford Allbutt,2695.587896,1930,2695.587896,
Thomas Clifford Allbutt,2695.587896,1929,2155.282445,
Thomas Clifford Allbutt,2155.282445,1928,1672.577965,
Thomas Clifford Allbutt,1672.577965,1927,1443.068173,
Thomas Clifford Allbutt,1443.068173,1926,925.0392753,
Thomas Clifford Allbutt,925.0392753,1925,336.0428047,
Thomas Clifford Allbutt,336.0428047,1924,615.4419752,
Thomas Clifford Allbutt,615.4419752,1923,992.5015651,
Thomas Clifford Allbutt,992.5015651,1922,992.5015651,
Thomas Clifford Allbutt,992.5015651,1921,1233.99133,
Thomas Clifford Allbutt,1233.99133,1920,1233.99133,
Thomas Clifford Allbutt,1233.99133,1919,1604.630508,
Thomas Clifford Allbutt,1604.630508,1918,2143.756839,
Thomas Clifford Allbutt,2143.756839,1917,2050.59203,
Thomas Clifford Allbutt,2050.59203,1916,1972.942619,
Thomas Clifford Allbutt,1972.942619,1915,2184.431651,
Thomas Clifford Allbutt,2184.431651,1914,2575.601716,
Thomas Clifford Allbutt,2575.601716,1913,2575.601716,
Thomas Clifford Allbutt,2575.601716,1912,4724.86718,
Thomas Clifford Allbutt,4724.86718,1911,4894.98824,
Thomas Clifford Allbutt,4894.98824,1910,5087.316045,
Thomas Clifford Allbutt,5087.316045,1909,5527.932889,
Thomas Clifford Allbutt,5527.932889,1908,5824.649461,
Thomas Clifford Allbutt,5824.649461,1907,5191.989632,
Thomas Clifford Allbutt,5191.989632,1906,5191.989632,
Thomas Clifford Allbutt,5191.989632,1905,2904.333758,
Thomas Clifford Allbutt,2904.333758,1904,2834.240557,
Thomas Clifford Allbutt,2834.240557,1903,2916.04826,
Thomas Clifford Allbutt,2916.04826,1902,2819.952494,
Thomas Clifford Allbutt,2819.952494,1901,2727.065621,
Thomas Clifford Allbutt,2727.065621,1900,3678.611764,
Thomas Clifford Allbutt,3678.611764,1899,3678.611764,
Thomas Clifford Allbutt,3678.611764,1898,3662.874004,
Thomas Clifford Allbutt,3662.874004,1897,3023.719814,
Thomas Clifford Allbutt,3023.719814,1896,2481.008145,
Thomas Clifford Allbutt,2481.008145,1895,1837.076887,
Thomas Clifford Allbutt,1837.076887,1894,1421.758156,
Thomas Clifford Allbutt,1421.758156,1893,470.2120122,
Thomas Clifford Allbutt,470.2120122,1892,470.2120122,
Thomas Clifford Allbutt,470.2120122,1891,152.6159992,
Thomas Clifford Allbutt,152.6159992,1890,152.6159992,
Thomas Clifford Allbutt,152.6159992,1889,0,
Thomas Clifford Allbutt,0,1888,0,
Thomas Clifford Allbutt,0,1887,153.5773096,
Thomas Clifford Allbutt,153.5773096,1886,498.4336118,
Thomas Clifford Allbutt,498.4336118,1885,679.436174,
Thomas Clifford Allbutt,679.436174,1884,1225.927915,
Thomas Clifford Allbutt,1225.927915,1883,1662.500471,
Thomas Clifford Allbutt,1662.500471,1882,2570.391883,
Thomas Clifford Allbutt,2570.391883,1881,2998.285604,
Thomas Clifford Allbutt,2998.285604,1880,3055.779391,
Thomas Clifford Allbutt,3055.779391,1879,4042.151296,
Thomas Clifford Allbutt,4042.151296,1878,5656.209977,
Thomas Clifford Allbutt,5656.209977,1877,6332.848912,
Thomas Clifford Allbutt,6332.848912,1876,7409.005726,
Thomas Clifford Allbutt,7409.005726,1875,6756.061758,
Thomas Clifford Allbutt,6756.061758,1874,6328.168037,
Thomas Clifford Allbutt,6328.168037,1873,6628.862491,
Thomas Clifford Allbutt,6628.862491,1872,5297.634284,
Thomas Clifford Allbutt,5297.634284,1871,3502.573041,
Thomas Clifford Allbutt,3502.573041,1870,2279.442365,
Thomas Clifford Allbutt,2279.442365,1869,766.7129947,
Thomas Clifford Allbutt,766.7129947,1868,511.7655506,
Thomas Clifford Allbutt,511.7655506,1867,511.7655506,
Thomas Clifford Allbutt,511.7655506,1866,0,
Thomas Clifford Allbutt,0,1865,0,
Thomas Clifford Allbutt,0,1864,0,
Thomas Clifford Allbutt,0,1863,0,
Thomas Clifford Allbutt,0,1862,0,
Thomas Clifford Allbutt,0,1861,0,
Thomas Clifford Allbutt,0,1860,0,
Thomas Clifford Allbutt,0,1859,0,
Thomas Clifford Allbutt,0,1858,0,
Thomas Clifford Allbutt,0,1857,0,
Thomas Clifford Allbutt,0,1856,0,
Thomas Clifford Allbutt,0,1855,0,
Thomas Clifford Allbutt,0,1854,0,
Thomas Clifford Allbutt,0,1853,0,
Thomas Clifford Allbutt,0,1852,0,
Thomas Clifford Allbutt,0,1851,0,
Thomas Clifford Allbutt,0,1850,0,
Thomas Clifford Allbutt,0,1849,0,
Thomas Clifford Allbutt,0,1848,0,
Thomas Clifford Allbutt,0,1847,0,
Thomas Clifford Allbutt,0,1846,0,
Thomas Clifford Allbutt,0,1845,0,
Thomas Clifford Allbutt,0,1844,0,
Thomas Clifford Allbutt,0,1843,0,
Thomas Clifford Allbutt,0,1842,0,
Thomas Clifford Allbutt,0,1841,0,
Thomas Clifford Allbutt,0,1840,0,
Thomas Clifford Allbutt,0,1839,0,
Thomas Clifford Allbutt,0,1838,0,
Thomas Clifford Allbutt,0,1837,0,
Thomas Clifford Allbutt,0,1836,0,
Thomas Clifford Allbutt,0,1835,0,
Thomas Clifford Allbutt,0,1834,0,
Thomas Clifford Allbutt,0,1833,0,
Thomas Clifford Allbutt,0,1832,0,
Thomas Clifford Allbutt,0,1831,0,
Thomas Clifford Allbutt,0,1830,0,
Thomas Clifford Allbutt,0,1829,0,
Thomas Clifford Allbutt,0,1828,0,
Thomas Clifford Allbutt,0,1827,0,
Thomas Clifford Allbutt,0,1826,0,
Thomas Clifford Allbutt,0,1825,0,
Thomas Clifford Allbutt,0,1824,0,
Thomas Clifford Allbutt,0,1823,0,
Thomas Clifford Allbutt,0,1822,0,
Thomas Clifford Allbutt,0,1821,0,
Thomas Clifford Allbutt,0,1820,0,
Thomas Clifford Allbutt,0,1819,0,
Thomas Clifford Allbutt,0,1818,0,
Thomas Clifford Allbutt,0,1817,0,
Thomas Clifford Allbutt,0,1816,0,
Thomas Clifford Allbutt,0,1815,0,
Thomas Clifford Allbutt,0,1814,0,
Thomas Clifford Allbutt,0,1813,0,
Thomas Clifford Allbutt,0,1812,0,
Thomas Clifford Allbutt,0,1811,0,
Thomas Clifford Allbutt,0,1810,0,
Thomas Clifford Allbutt,0,1809,0,
Thomas Clifford Allbutt,0,1808,0,
Thomas Clifford Allbutt,0,1807,0,
Thomas Clifford Allbutt,0,1806,0,
Thomas Clifford Allbutt,0,1805,0,
Thomas Clifford Allbutt,0,1804,0,
Thomas Clifford Allbutt,0,1803,0,
Thomas Clifford Allbutt,0,1802,0,
Thomas Clifford Allbutt,0,1801,0,
Thomas Clifford Allbutt,0,1800,0,
Rosalind Elsie Franklin,658.7213205,2008,662.9802096,
Rosalind Elsie Franklin,662.9802096,2007,772.5534703,
Rosalind Elsie Franklin,772.5534703,2006,810.5236997,
Rosalind Elsie Franklin,810.5236997,2005,885.1904804,
Rosalind Elsie Franklin,885.1904804,2004,838.372542,
Rosalind Elsie Franklin,838.372542,2003,911.58409,
Rosalind Elsie Franklin,911.58409,2002,1094.488373,
Rosalind Elsie Franklin,1094.488373,2001,1045.069919,
Rosalind Elsie Franklin,1045.069919,2000,970.7889334,
Rosalind Elsie Franklin,970.7889334,1999,1133.153325,
Rosalind Elsie Franklin,1133.153325,1998,972.5593743,
Rosalind Elsie Franklin,972.5593743,1997,1010.372881,
Rosalind Elsie Franklin,1010.372881,1996,853.1853319,
Rosalind Elsie Franklin,853.1853319,1995,640.5711041,
Rosalind Elsie Franklin,640.5711041,1994,592.8444481,
Rosalind Elsie Franklin,592.8444481,1993,587.5563052,
Rosalind Elsie Franklin,587.5563052,1992,369.1435649,
Rosalind Elsie Franklin,369.1435649,1991,315.7546843,
Rosalind Elsie Franklin,315.7546843,1990,201.3489296,
Rosalind Elsie Franklin,201.3489296,1989,201.3489296,
Rosalind Elsie Franklin,201.3489296,1988,255.1636402,
Rosalind Elsie Franklin,255.1636402,1987,255.1636402,
Rosalind Elsie Franklin,255.1636402,1986,146.1013731,
Rosalind Elsie Franklin,146.1013731,1985,84.68668029,
Rosalind Elsie Franklin,84.68668029,1984,84.68668029,
Rosalind Elsie Franklin,84.68668029,1983,84.68668029,
Rosalind Elsie Franklin,84.68668029,1982,84.68668029,
Rosalind Elsie Franklin,84.68668029,1981,30.87196966,
Rosalind Elsie Franklin,30.87196966,1980,30.87196966,
Rosalind Elsie Franklin,30.87196966,1979,30.87196966,
Rosalind Elsie Franklin,30.87196966,1978,0,
Rosalind Elsie Franklin,0,1977,0,
Rosalind Elsie Franklin,0,1976,0,
Rosalind Elsie Franklin,0,1975,0,
Rosalind Elsie Franklin,0,1974,0,
Rosalind Elsie Franklin,0,1973,0,
Rosalind Elsie Franklin,0,1972,0,
Rosalind Elsie Franklin,0,1971,0,
Rosalind Elsie Franklin,0,1970,0,
Rosalind Elsie Franklin,0,1969,0,
Rosalind Elsie Franklin,0,1968,0,
Rosalind Elsie Franklin,0,1967,0,
Rosalind Elsie Franklin,0,1966,0,
Rosalind Elsie Franklin,0,1965,0,
Rosalind Elsie Franklin,0,1964,0,
Rosalind Elsie Franklin,0,1963,0,
Rosalind Elsie Franklin,0,1962,0,
Rosalind Elsie Franklin,0,1961,0,
Rosalind Elsie Franklin,0,1960,0,
Rosalind Elsie Franklin,0,1959,0,
Rosalind Elsie Franklin,0,1958,0,
Rosalind Elsie Franklin,0,1957,0,
Rosalind Elsie Franklin,0,1956,0,
Rosalind Elsie Franklin,0,1955,0,
Rosalind Elsie Franklin,0,1954,0,
Rosalind Elsie Franklin,0,1953,0,
Rosalind Elsie Franklin,0,1952,0,
Rosalind Elsie Franklin,0,1951,0,
Rosalind Elsie Franklin,0,1950,0,
Rosalind Elsie Franklin,0,1949,0,
Rosalind Elsie Franklin,0,1948,0,
Rosalind Elsie Franklin,0,1947,0,
Rosalind Elsie Franklin,0,1946,0,
Rosalind Elsie Franklin,0,1945,0,
Rosalind Elsie Franklin,0,1944,0,
Rosalind Elsie Franklin,0,1943,0,
Rosalind Elsie Franklin,0,1942,0,
Rosalind Elsie Franklin,0,1941,0,
Rosalind Elsie Franklin,0,1940,0,
Rosalind Elsie Franklin,0,1939,0,
Rosalind Elsie Franklin,0,1938,0,
Rosalind Elsie Franklin,0,1937,0,
Rosalind Elsie Franklin,0,1936,0,
Rosalind Elsie Franklin,0,1935,0,
Rosalind Elsie Franklin,0,1934,0,
Rosalind Elsie Franklin,0,1933,0,
Rosalind Elsie Franklin,0,1932,0,
Rosalind Elsie Franklin,0,1931,0,
Rosalind Elsie Franklin,0,1930,0,
Rosalind Elsie Franklin,0,1929,0,
Rosalind Elsie Franklin,0,1928,0,
Rosalind Elsie Franklin,0,1927,0,
Rosalind Elsie Franklin,0,1926,0,
Rosalind Elsie Franklin,0,1925,0,
Rosalind Elsie Franklin,0,1924,0,
Rosalind Elsie Franklin,0,1923,0,
Rosalind Elsie Franklin,0,1922,0,
Rosalind Elsie Franklin,0,1921,0,
Rosalind Elsie Franklin,0,1920,0,
Rosalind Elsie Franklin,0,1919,0,
Rosalind Elsie Franklin,0,1918,0,
Rosalind Elsie Franklin,0,1917,0,
Rosalind Elsie Franklin,0,1916,0,
Rosalind Elsie Franklin,0,1915,0,
Rosalind Elsie Franklin,0,1914,0,
Rosalind Elsie Franklin,0,1913,0,
Rosalind Elsie Franklin,0,1912,0,
Rosalind Elsie Franklin,0,1911,0,
Rosalind Elsie Franklin,0,1910,0,
Rosalind Elsie Franklin,0,1909,0,
Rosalind Elsie Franklin,0,1908,0,
Rosalind Elsie Franklin,0,1907,0,
Rosalind Elsie Franklin,0,1906,0,
Rosalind Elsie Franklin,0,1905,0,
Rosalind Elsie Franklin,0,1904,0,
Rosalind Elsie Franklin,0,1903,0,
Rosalind Elsie Franklin,0,1902,0,
Rosalind Elsie Franklin,0,1901,0,
Rosalind Elsie Franklin,0,1900,0,
Rosalind Elsie Franklin,0,1899,0,
Rosalind Elsie Franklin,0,1898,0,
Rosalind Elsie Franklin,0,1897,0,
Rosalind Elsie Franklin,0,1896,0,
Rosalind Elsie Franklin,0,1895,0,
Rosalind Elsie Franklin,0,1894,0,
Rosalind Elsie Franklin,0,1893,0,
Rosalind Elsie Franklin,0,1892,0,
Rosalind Elsie Franklin,0,1891,0,
Rosalind Elsie Franklin,0,1890,0,
Rosalind Elsie Franklin,0,1889,0,
Rosalind Elsie Franklin,0,1888,0,
Rosalind Elsie Franklin,0,1887,0,
Rosalind Elsie Franklin,0,1886,0,
Rosalind Elsie Franklin,0,1885,0,
Rosalind Elsie Franklin,0,1884,0,
Rosalind Elsie Franklin,0,1883,0,
Rosalind Elsie Franklin,0,1882,0,
Rosalind Elsie Franklin,0,1881,0,
Rosalind Elsie Franklin,0,1880,0,
Rosalind Elsie Franklin,0,1879,0,
Rosalind Elsie Franklin,0,1878,0,
Rosalind Elsie Franklin,0,1877,0,
Rosalind Elsie Franklin,0,1876,0,
Rosalind Elsie Franklin,0,1875,0,
Rosalind Elsie Franklin,0,1874,0,
Rosalind Elsie Franklin,0,1873,0,
Rosalind Elsie Franklin,0,1872,0,
Rosalind Elsie Franklin,0,1871,0,
Rosalind Elsie Franklin,0,1870,0,
Rosalind Elsie Franklin,0,1869,0,
Rosalind Elsie Franklin,0,1868,0,
Rosalind Elsie Franklin,0,1867,0,
Rosalind Elsie Franklin,0,1866,0,
Rosalind Elsie Franklin,0,1865,0,
Rosalind Elsie Franklin,0,1864,0,
Rosalind Elsie Franklin,0,1863,0,
Rosalind Elsie Franklin,0,1862,0,
Rosalind Elsie Franklin,0,1861,0,
Rosalind Elsie Franklin,0,1860,0,
Rosalind Elsie Franklin,0,1859,0,
Rosalind Elsie Franklin,0,1858,0,
Rosalind Elsie Franklin,0,1857,0,
Rosalind Elsie Franklin,0,1856,0,
Rosalind Elsie Franklin,0,1855,0,
Rosalind Elsie Franklin,0,1854,0,
Rosalind Elsie Franklin,0,1853,0,
Rosalind Elsie Franklin,0,1852,0,
Rosalind Elsie Franklin,0,1851,0,
Rosalind Elsie Franklin,0,1850,0,
Rosalind Elsie Franklin,0,1849,0,
Rosalind Elsie Franklin,0,1848,0,
Rosalind Elsie Franklin,0,1847,0,
Rosalind Elsie Franklin,0,1846,0,
Rosalind Elsie Franklin,0,1845,0,
Rosalind Elsie Franklin,0,1844,0,
Rosalind Elsie Franklin,0,1843,0,
Rosalind Elsie Franklin,0,1842,0,
Rosalind Elsie Franklin,0,1841,0,
Rosalind Elsie Franklin,0,1840,0,
Rosalind Elsie Franklin,0,1839,0,
Rosalind Elsie Franklin,0,1838,0,
Rosalind Elsie Franklin,0,1837,0,
Rosalind Elsie Franklin,0,1836,0,
Rosalind Elsie Franklin,0,1835,0,
Rosalind Elsie Franklin,0,1834,0,
Rosalind Elsie Franklin,0,1833,0,
Rosalind Elsie Franklin,0,1832,0,
Rosalind Elsie Franklin,0,1831,0,
Rosalind Elsie Franklin,0,1830,0,
Rosalind Elsie Franklin,0,1829,0,
Rosalind Elsie Franklin,0,1828,0,
Rosalind Elsie Franklin,0,1827,0,
Rosalind Elsie Franklin,0,1826,0,
Rosalind Elsie Franklin,0,1825,0,
Rosalind Elsie Franklin,0,1824,0,
Rosalind Elsie Franklin,0,1823,0,
Rosalind Elsie Franklin,0,1822,0,
Rosalind Elsie Franklin,0,1821,0,
Rosalind Elsie Franklin,0,1820,0,
Rosalind Elsie Franklin,0,1819,0,
Rosalind Elsie Franklin,0,1818,0,
Rosalind Elsie Franklin,0,1817,0,
Rosalind Elsie Franklin,0,1816,0,
Rosalind Elsie Franklin,0,1815,0,
Rosalind Elsie Franklin,0,1814,0,
Rosalind Elsie Franklin,0,1813,0,
Rosalind Elsie Franklin,0,1812,0,
Rosalind Elsie Franklin,0,1811,0,
Rosalind Elsie Franklin,0,1810,0,
Rosalind Elsie Franklin,0,1809,0,
Rosalind Elsie Franklin,0,1808,0,
Rosalind Elsie Franklin,0,1807,0,
Rosalind Elsie Franklin,0,1806,0,
Rosalind Elsie Franklin,0,1805,0,
Rosalind Elsie Franklin,0,1804,0,
Rosalind Elsie Franklin,0,1803,0,
Rosalind Elsie Franklin,0,1802,0,
Rosalind Elsie Franklin,0,1801,0,
Rosalind Elsie Franklin,0,1800,0,
Oswald Theodore Avery,926.172708,2008,958.5432115,
Oswald Theodore Avery,958.5432115,2007,847.6904456,
Oswald Theodore Avery,847.6904456,2006,852.1060524,
Oswald Theodore Avery,852.1060524,2005,1042.013983,
Oswald Theodore Avery,1042.013983,2004,1103.097986,
Oswald Theodore Avery,1103.097986,2003,1026.431297,
Oswald Theodore Avery,1026.431297,2002,985.5157087,
Oswald Theodore Avery,985.5157087,2001,925.5368456,
Oswald Theodore Avery,925.5368456,2000,932.6260756,
Oswald Theodore Avery,932.6260756,1999,1255.899856,
Oswald Theodore Avery,1255.899856,1998,1189.49645,
Oswald Theodore Avery,1189.49645,1997,1068.144955,
Oswald Theodore Avery,1068.144955,1996,1014.756519,
Oswald Theodore Avery,1014.756519,1995,847.7024816,
Oswald Theodore Avery,847.7024816,1994,833.0163087,
Oswald Theodore Avery,833.0163087,1993,958.5086118,
Oswald Theodore Avery,958.5086118,1992,694.293914,
Oswald Theodore Avery,694.293914,1991,534.1272722,
Oswald Theodore Avery,534.1272722,1990,589.0284689,
Oswald Theodore Avery,589.0284689,1989,592.0829462,
Oswald Theodore Avery,592.0829462,1988,726.6197247,
Oswald Theodore Avery,726.6197247,1987,674.5262761,
Oswald Theodore Avery,674.5262761,1986,618.1018554,
Oswald Theodore Avery,618.1018554,1985,526.1444375,
Oswald Theodore Avery,526.1444375,1984,712.010744,
Oswald Theodore Avery,712.010744,1983,669.5893344,
Oswald Theodore Avery,669.5893344,1982,624.0368678,
Oswald Theodore Avery,624.0368678,1981,721.2724842,
Oswald Theodore Avery,721.2724842,1980,928.3185232,
Oswald Theodore Avery,928.3185232,1979,810.2433228,
Oswald Theodore Avery,810.2433228,1978,717.6274158,
Oswald Theodore Avery,717.6274158,1977,566.9587994,
Oswald Theodore Avery,566.9587994,1976,672.3076421,
Oswald Theodore Avery,672.3076421,1975,674.7848986,
Oswald Theodore Avery,674.7848986,1974,443.0125037,
Oswald Theodore Avery,443.0125037,1973,207.2927742,
Oswald Theodore Avery,207.2927742,1972,207.2927742,
Oswald Theodore Avery,207.2927742,1971,324.4489796,
Oswald Theodore Avery,324.4489796,1970,289.2512896,
Oswald Theodore Avery,289.2512896,1969,455.3281086,
Oswald Theodore Avery,455.3281086,1968,566.3475403,
Oswald Theodore Avery,566.3475403,1967,566.3475403,
Oswald Theodore Avery,566.3475403,1966,667.7115765,
Oswald Theodore Avery,667.7115765,1965,667.7115765,
Oswald Theodore Avery,667.7115765,1964,611.5537798,
Oswald Theodore Avery,611.5537798,1963,611.5537798,
Oswald Theodore Avery,611.5537798,1962,308.5807046,
Oswald Theodore Avery,308.5807046,1961,162.3624449,
Oswald Theodore Avery,162.3624449,1960,162.3624449,
Oswald Theodore Avery,162.3624449,1959,60.99840871,
Oswald Theodore Avery,60.99840871,1958,60.99840871,
Oswald Theodore Avery,60.99840871,1957,0,
Oswald Theodore Avery,0,1956,0,
Oswald Theodore Avery,0,1955,0,
Oswald Theodore Avery,0,1954,0,
Oswald Theodore Avery,0,1953,0,
Oswald Theodore Avery,0,1952,0,
Oswald Theodore Avery,0,1951,0,
Oswald Theodore Avery,0,1950,0,
Oswald Theodore Avery,0,1949,0,
Oswald Theodore Avery,0,1948,0,
Oswald Theodore Avery,0,1947,0,
Oswald Theodore Avery,0,1946,0,
Oswald Theodore Avery,0,1945,0,
Oswald Theodore Avery,0,1944,0,
Oswald Theodore Avery,0,1943,0,
Oswald Theodore Avery,0,1942,0,
Oswald Theodore Avery,0,1941,0,
Oswald Theodore Avery,0,1940,0,
Oswald Theodore Avery,0,1939,0,
Oswald Theodore Avery,0,1938,0,
Oswald Theodore Avery,0,1937,0,
Oswald Theodore Avery,0,1936,270.1527256,
Oswald Theodore Avery,270.1527256,1935,270.1527256,
Oswald Theodore Avery,270.1527256,1934,270.1527256,
Oswald Theodore Avery,270.1527256,1933,270.1527256,
Oswald Theodore Avery,270.1527256,1932,387.9520197,
Oswald Theodore Avery,387.9520197,1931,387.9520197,
Oswald Theodore Avery,387.9520197,1930,387.9520197,
Oswald Theodore Avery,387.9520197,1929,117.7992941,
Oswald Theodore Avery,117.7992941,1928,117.7992941,
Oswald Theodore Avery,117.7992941,1927,117.7992941,
Oswald Theodore Avery,117.7992941,1926,117.7992941,
Oswald Theodore Avery,117.7992941,1925,0,
Oswald Theodore Avery,0,1924,0,
Oswald Theodore Avery,0,1923,0,
Oswald Theodore Avery,0,1922,0,
Oswald Theodore Avery,0,1921,0,
Oswald Theodore Avery,0,1920,0,
Oswald Theodore Avery,0,1919,0,
Oswald Theodore Avery,0,1918,0,
Oswald Theodore Avery,0,1917,0,
Oswald Theodore Avery,0,1916,0,
Oswald Theodore Avery,0,1915,0,
Oswald Theodore Avery,0,1914,0,
Oswald Theodore Avery,0,1913,0,
Oswald Theodore Avery,0,1912,0,
Oswald Theodore Avery,0,1911,0,
Oswald Theodore Avery,0,1910,0,
Oswald Theodore Avery,0,1909,0,
Oswald Theodore Avery,0,1908,0,
Oswald Theodore Avery,0,1907,0,
Oswald Theodore Avery,0,1906,0,
Oswald Theodore Avery,0,1905,0,
Oswald Theodore Avery,0,1904,0,
Oswald Theodore Avery,0,1903,0,
Oswald Theodore Avery,0,1902,0,
Oswald Theodore Avery,0,1901,0,
Oswald Theodore Avery,0,1900,0,
Oswald Theodore Avery,0,1899,0,
Oswald Theodore Avery,0,1898,0,
Oswald Theodore Avery,0,1897,0,
Oswald Theodore Avery,0,1896,0,
Oswald Theodore Avery,0,1895,0,
Oswald Theodore Avery,0,1894,0,
Oswald Theodore Avery,0,1893,0,
Oswald Theodore Avery,0,1892,0,
Oswald Theodore Avery,0,1891,0,
Oswald Theodore Avery,0,1890,0,
Oswald Theodore Avery,0,1889,0,
Oswald Theodore Avery,0,1888,0,
Oswald Theodore Avery,0,1887,0,
Oswald Theodore Avery,0,1886,0,
Oswald Theodore Avery,0,1885,0,
Oswald Theodore Avery,0,1884,0,
Oswald Theodore Avery,0,1883,0,
Oswald Theodore Avery,0,1882,0,
Oswald Theodore Avery,0,1881,0,
Oswald Theodore Avery,0,1880,0,
Oswald Theodore Avery,0,1879,0,
Oswald Theodore Avery,0,1878,0,
Oswald Theodore Avery,0,1877,0,
Oswald Theodore Avery,0,1876,0,
Oswald Theodore Avery,0,1875,0,
Oswald Theodore Avery,0,1874,0,
Oswald Theodore Avery,0,1873,0,
Oswald Theodore Avery,0,1872,0,
Oswald Theodore Avery,0,1871,0,
Oswald Theodore Avery,0,1870,0,
Oswald Theodore Avery,0,1869,0,
Oswald Theodore Avery,0,1868,0,
Oswald Theodore Avery,0,1867,0,
Oswald Theodore Avery,0,1866,0,
Oswald Theodore Avery,0,1865,0,
Oswald Theodore Avery,0,1864,0,
Oswald Theodore Avery,0,1863,0,
Oswald Theodore Avery,0,1862,0,
Oswald Theodore Avery,0,1861,0,
Oswald Theodore Avery,0,1860,0,
Oswald Theodore Avery,0,1859,0,
Oswald Theodore Avery,0,1858,0,
Oswald Theodore Avery,0,1857,0,
Oswald Theodore Avery,0,1856,0,
Oswald Theodore Avery,0,1855,0,
Oswald Theodore Avery,0,1854,0,
Oswald Theodore Avery,0,1853,0,
Oswald Theodore Avery,0,1852,0,
Oswald Theodore Avery,0,1851,0,
Oswald Theodore Avery,0,1850,0,
Oswald Theodore Avery,0,1849,0,
Oswald Theodore Avery,0,1848,0,
Oswald Theodore Avery,0,1847,0,
Oswald Theodore Avery,0,1846,0,
Oswald Theodore Avery,0,1845,0,
Oswald Theodore Avery,0,1844,0,
Oswald Theodore Avery,0,1843,0,
Oswald Theodore Avery,0,1842,0,
Oswald Theodore Avery,0,1841,0,
Oswald Theodore Avery,0,1840,0,
Oswald Theodore Avery,0,1839,0,
Oswald Theodore Avery,0,1838,0,
Oswald Theodore Avery,0,1837,0,
Oswald Theodore Avery,0,1836,0,
Oswald Theodore Avery,0,1835,0,
Oswald Theodore Avery,0,1834,0,
Oswald Theodore Avery,0,1833,0,
Oswald Theodore Avery,0,1832,0,
Oswald Theodore Avery,0,1831,0,
Oswald Theodore Avery,0,1830,0,
Oswald Theodore Avery,0,1829,0,
Oswald Theodore Avery,0,1828,0,
Oswald Theodore Avery,0,1827,0,
Oswald Theodore Avery,0,1826,0,
Oswald Theodore Avery,0,1825,0,
Oswald Theodore Avery,0,1824,0,
Oswald Theodore Avery,0,1823,0,
Oswald Theodore Avery,0,1822,0,
Oswald Theodore Avery,0,1821,0,
Oswald Theodore Avery,0,1820,0,
Oswald Theodore Avery,0,1819,0,
Oswald Theodore Avery,0,1818,0,
Oswald Theodore Avery,0,1817,0,
Oswald Theodore Avery,0,1816,0,
Oswald Theodore Avery,0,1815,0,
Oswald Theodore Avery,0,1814,0,
Oswald Theodore Avery,0,1813,0,
Oswald Theodore Avery,0,1812,0,
Oswald Theodore Avery,0,1811,0,
Oswald Theodore Avery,0,1810,0,
Oswald Theodore Avery,0,1809,0,
Oswald Theodore Avery,0,1808,0,
Oswald Theodore Avery,0,1807,0,
Oswald Theodore Avery,0,1806,0,
Oswald Theodore Avery,0,1805,0,
Oswald Theodore Avery,0,1804,0,
Oswald Theodore Avery,0,1803,0,
Oswald Theodore Avery,0,1802,0,
Oswald Theodore Avery,0,1801,0,
Oswald Theodore Avery,0,1800,0,
Linus Carl Pauling,1351.073309,2008,1366.465274,
Linus Carl Pauling,1366.465274,2007,1407.69546,
Linus Carl Pauling,1407.69546,2006,1400.572658,
Linus Carl Pauling,1400.572658,2005,1708.042342,
Linus Carl Pauling,1708.042342,2004,1825.63891,
Linus Carl Pauling,1825.63891,2003,1857.7438,
Linus Carl Pauling,1857.7438,2002,1852.485086,
Linus Carl Pauling,1852.485086,2001,1950.749165,
Linus Carl Pauling,1950.749165,2000,1916.228953,
Linus Carl Pauling,1916.228953,1999,2050.212888,
Linus Carl Pauling,2050.212888,1998,1932.162398,
Linus Carl Pauling,1932.162398,1997,1790.617178,
Linus Carl Pauling,1790.617178,1996,1778.609196,
Linus Carl Pauling,1778.609196,1995,1648.862158,
Linus Carl Pauling,1648.862158,1994,1427.360484,
Linus Carl Pauling,1427.360484,1993,1514.893084,
Linus Carl Pauling,1514.893084,1992,1579.150921,
Linus Carl Pauling,1579.150921,1991,1535.049913,
Linus Carl Pauling,1535.049913,1990,1490.009608,
Linus Carl Pauling,1490.009608,1989,1484.60011,
Linus Carl Pauling,1484.60011,1988,1670.806477,
Linus Carl Pauling,1670.806477,1987,1704.7341,
Linus Carl Pauling,1704.7341,1986,1450.691028,
Linus Carl Pauling,1450.691028,1985,1089.344676,
Linus Carl Pauling,1089.344676,1984,972.615843,
Linus Carl Pauling,972.615843,1983,845.3516042,
Linus Carl Pauling,845.3516042,1982,662.7121927,
Linus Carl Pauling,662.7121927,1981,559.1903508,
Linus Carl Pauling,559.1903508,1980,444.4955891,
Linus Carl Pauling,444.4955891,1979,623.8129279,
Linus Carl Pauling,623.8129279,1978,663.5663844,
Linus Carl Pauling,663.5663844,1977,715.6439647,
Linus Carl Pauling,715.6439647,1976,1237.034856,
Linus Carl Pauling,1237.034856,1975,1307.432511,
Linus Carl Pauling,1307.432511,1974,1176.840022,
Linus Carl Pauling,1176.840022,1973,1213.077737,
Linus Carl Pauling,1213.077737,1972,1220.214489,
Linus Carl Pauling,1220.214489,1971,1344.849395,
Linus Carl Pauling,1344.849395,1970,1745.754783,
Linus Carl Pauling,1745.754783,1969,1302.849118,
Linus Carl Pauling,1302.849118,1968,1914.803352,
Linus Carl Pauling,1914.803352,1967,2024.874225,
Linus Carl Pauling,2024.874225,1966,2090.000546,
Linus Carl Pauling,2090.000546,1965,2096.548498,
Linus Carl Pauling,2096.548498,1964,2267.278611,
Linus Carl Pauling,2267.278611,1963,2244.031175,
Linus Carl Pauling,2244.031175,1962,2287.781306,
Linus Carl Pauling,2287.781306,1961,1678.596651,
Linus Carl Pauling,1678.596651,1960,1533.566552,
Linus Carl Pauling,1533.566552,1959,1595.307537,
Linus Carl Pauling,1595.307537,1958,1630.626729,
Linus Carl Pauling,1630.626729,1957,1444.278284,
Linus Carl Pauling,1444.278284,1956,890.6318857,
Linus Carl Pauling,890.6318857,1955,851.9476553,
Linus Carl Pauling,851.9476553,1954,778.7804211,
Linus Carl Pauling,778.7804211,1953,778.7804211,
Linus Carl Pauling,778.7804211,1952,615.6753996,
Linus Carl Pauling,615.6753996,1951,357.8353645,
Linus Carl Pauling,357.8353645,1950,178.1933648,
Linus Carl Pauling,178.1933648,1949,178.1933648,
Linus Carl Pauling,178.1933648,1948,0,
Linus Carl Pauling,0,1947,0,
Linus Carl Pauling,0,1946,546.623318,
Linus Carl Pauling,546.623318,1945,678.3916127,
Linus Carl Pauling,678.3916127,1944,678.3916127,
Linus Carl Pauling,678.3916127,1943,678.3916127,
Linus Carl Pauling,678.3916127,1942,678.3916127,
Linus Carl Pauling,678.3916127,1941,678.3916127,
Linus Carl Pauling,678.3916127,1940,678.3916127,
Linus Carl Pauling,678.3916127,1939,131.7682947,
Linus Carl Pauling,131.7682947,1938,0,
Linus Carl Pauling,0,1937,0,
Linus Carl Pauling,0,1936,405.2290884,
Linus Carl Pauling,405.2290884,1935,1008.609672,
Linus Carl Pauling,1008.609672,1934,1008.609672,
Linus Carl Pauling,1008.609672,1933,1008.609672,
Linus Carl Pauling,1008.609672,1932,1008.609672,
Linus Carl Pauling,1008.609672,1931,1008.609672,
Linus Carl Pauling,1008.609672,1930,1008.609672,
Linus Carl Pauling,1008.609672,1929,603.3805836,
Linus Carl Pauling,603.3805836,1928,0,
Linus Carl Pauling,0,1927,0,
Linus Carl Pauling,0,1926,0,
Linus Carl Pauling,0,1925,0,
Linus Carl Pauling,0,1924,0,
Linus Carl Pauling,0,1923,0,
Linus Carl Pauling,0,1922,0,
Linus Carl Pauling,0,1921,0,
Linus Carl Pauling,0,1920,0,
Linus Carl Pauling,0,1919,0,
Linus Carl Pauling,0,1918,0,
Linus Carl Pauling,0,1917,0,
Linus Carl Pauling,0,1916,0,
Linus Carl Pauling,0,1915,0,
Linus Carl Pauling,0,1914,0,
Linus Carl Pauling,0,1913,0,
Linus Carl Pauling,0,1912,0,
Linus Carl Pauling,0,1911,0,
Linus Carl Pauling,0,1910,0,
Linus Carl Pauling,0,1909,0,
Linus Carl Pauling,0,1908,0,
Linus Carl Pauling,0,1907,0,
Linus Carl Pauling,0,1906,0,
Linus Carl Pauling,0,1905,0,
Linus Carl Pauling,0,1904,0,
Linus Carl Pauling,0,1903,0,
Linus Carl Pauling,0,1902,0,
Linus Carl Pauling,0,1901,0,
Linus Carl Pauling,0,1900,0,
Linus Carl Pauling,0,1899,0,
Linus Carl Pauling,0,1898,0,
Linus Carl Pauling,0,1897,0,
Linus Carl Pauling,0,1896,0,
Linus Carl Pauling,0,1895,0,
Linus Carl Pauling,0,1894,0,
Linus Carl Pauling,0,1893,0,
Linus Carl Pauling,0,1892,0,
Linus Carl Pauling,0,1891,0,
Linus Carl Pauling,0,1890,0,
Linus Carl Pauling,0,1889,0,
Linus Carl Pauling,0,1888,0,
Linus Carl Pauling,0,1887,0,
Linus Carl Pauling,0,1886,0,
Linus Carl Pauling,0,1885,0,
Linus Carl Pauling,0,1884,0,
Linus Carl Pauling,0,1883,0,
Linus Carl Pauling,0,1882,0,
Linus Carl Pauling,0,1881,0,
Linus Carl Pauling,0,1880,0,
Linus Carl Pauling,0,1879,0,
Linus Carl Pauling,0,1878,0,
Linus Carl Pauling,0,1877,0,
Linus Carl Pauling,0,1876,0,
Linus Carl Pauling,0,1875,0,
Linus Carl Pauling,0,1874,0,
Linus Carl Pauling,0,1873,0,
Linus Carl Pauling,0,1872,0,
Linus Carl Pauling,0,1871,0,
Linus Carl Pauling,0,1870,0,
Linus Carl Pauling,0,1869,0,
Linus Carl Pauling,0,1868,0,
Linus Carl Pauling,0,1867,0,
Linus Carl Pauling,0,1866,0,
Linus Carl Pauling,0,1865,0,
Linus Carl Pauling,0,1864,0,
Linus Carl Pauling,0,1863,0,
Linus Carl Pauling,0,1862,0,
Linus Carl Pauling,0,1861,0,
Linus Carl Pauling,0,1860,0,
Linus Carl Pauling,0,1859,0,
Linus Carl Pauling,0,1858,0,
Linus Carl Pauling,0,1857,0,
Linus Carl Pauling,0,1856,0,
Linus Carl Pauling,0,1855,0,
Linus Carl Pauling,0,1854,0,
Linus Carl Pauling,0,1853,0,
Linus Carl Pauling,0,1852,0,
Linus Carl Pauling,0,1851,0,
Linus Carl Pauling,0,1850,0,
Linus Carl Pauling,0,1849,0,
Linus Carl Pauling,0,1848,0,
Linus Carl Pauling,0,1847,0,
Linus Carl Pauling,0,1846,0,
Linus Carl Pauling,0,1845,0,
Linus Carl Pauling,0,1844,0,
Linus Carl Pauling,0,1843,0,
Linus Carl Pauling,0,1842,0,
Linus Carl Pauling,0,1841,0,
Linus Carl Pauling,0,1840,0,
Linus Carl Pauling,0,1839,0,
Linus Carl Pauling,0,1838,0,
Linus Carl Pauling,0,1837,0,
Linus Carl Pauling,0,1836,0,
Linus Carl Pauling,0,1835,0,
Linus Carl Pauling,0,1834,0,
Linus Carl Pauling,0,1833,0,
Linus Carl Pauling,0,1832,0,
Linus Carl Pauling,0,1831,0,
Linus Carl Pauling,0,1830,0,
Linus Carl Pauling,0,1829,0,
Linus Carl Pauling,0,1828,0,
Linus Carl Pauling,0,1827,0,
Linus Carl Pauling,0,1826,0,
Linus Carl Pauling,0,1825,0,
Linus Carl Pauling,0,1824,0,
Linus Carl Pauling,0,1823,0,
Linus Carl Pauling,0,1822,0,
Linus Carl Pauling,0,1821,0,
Linus Carl Pauling,0,1820,0,
Linus Carl Pauling,0,1819,0,
Linus Carl Pauling,0,1818,0,
Linus Carl Pauling,0,1817,0,
Linus Carl Pauling,0,1816,0,
Linus Carl Pauling,0,1815,0,
Linus Carl Pauling,0,1814,0,
Linus Carl Pauling,0,1813,0,
Linus Carl Pauling,0,1812,0,
Linus Carl Pauling,0,1811,0,
Linus Carl Pauling,0,1810,0,
Linus Carl Pauling,0,1809,0,
Linus Carl Pauling,0,1808,0,
Linus Carl Pauling,0,1807,0,
Linus Carl Pauling,0,1806,0,
Linus Carl Pauling,0,1805,0,
Linus Carl Pauling,0,1804,0,
Linus Carl Pauling,0,1803,0,
Linus Carl Pauling,0,1802,0,
Linus Carl Pauling,0,1801,0,
Linus Carl Pauling,0,1800,0,
Jerry Donohue,1938.918665,2008,1913.578584,
Jerry Donohue,1913.578584,2007,1943.681031,
Jerry Donohue,1943.681031,2006,1883.126893,
Jerry Donohue,1883.126893,2005,1809.306419,
Jerry Donohue,1809.306419,2004,1859.164886,
Jerry Donohue,1859.164886,2003,1934.664651,
Jerry Donohue,1934.664651,2002,1855.603068,
Jerry Donohue,1855.603068,2001,1748.143297,
Jerry Donohue,1748.143297,2000,1775.594005,
Jerry Donohue,1775.594005,1999,1821.393972,
Jerry Donohue,1821.393972,1998,1563.624888,
Jerry Donohue,1563.624888,1997,1375.042457,
Jerry Donohue,1375.042457,1996,1228.951984,
Jerry Donohue,1228.951984,1995,1205.250419,
Jerry Donohue,1205.250419,1994,1284.439916,
Jerry Donohue,1284.439916,1993,1206.956785,
Jerry Donohue,1206.956785,1992,1031.890736,
Jerry Donohue,1031.890736,1991,1182.20985,
Jerry Donohue,1182.20985,1990,1245.098564,
Jerry Donohue,1245.098564,1989,1272.829437,
Jerry Donohue,1272.829437,1988,1036.237405,
Jerry Donohue,1036.237405,1987,1078.563818,
Jerry Donohue,1078.563818,1986,857.5409073,
Jerry Donohue,857.5409073,1985,887.2861374,
Jerry Donohue,887.2861374,1984,1077.98193,
Jerry Donohue,1077.98193,1983,1441.579423,
Jerry Donohue,1441.579423,1982,1373.429703,
Jerry Donohue,1373.429703,1981,1562.805108,
Jerry Donohue,1562.805108,1980,1578.777854,
Jerry Donohue,1578.777854,1979,1683.445157,
Jerry Donohue,1683.445157,1978,1868.987167,
Jerry Donohue,1868.987167,1977,1459.921834,
Jerry Donohue,1459.921834,1976,1272.925099,
Jerry Donohue,1272.925099,1975,1308.948454,
Jerry Donohue,1308.948454,1974,1253.086266,
Jerry Donohue,1253.086266,1973,1137.135604,
Jerry Donohue,1137.135604,1972,1073.102135,
Jerry Donohue,1073.102135,1971,919.1112673,
Jerry Donohue,919.1112673,1970,924.8625754,
Jerry Donohue,924.8625754,1969,1250.682042,
Jerry Donohue,1250.682042,1968,1183.474715,
Jerry Donohue,1183.474715,1967,1096.094311,
Jerry Donohue,1096.094311,1966,923.1277647,
Jerry Donohue,923.1277647,1965,854.3787979,
Jerry Donohue,854.3787979,1964,1578.21517,
Jerry Donohue,1578.21517,1963,2991.047981,
Jerry Donohue,2991.047981,1962,2509.158278,
Jerry Donohue,2509.158278,1961,2927.872008,
Jerry Donohue,2927.872008,1960,2881.739196,
Jerry Donohue,2881.739196,1959,2881.739196,
Jerry Donohue,2881.739196,1958,2963.698517,
Jerry Donohue,2963.698517,1957,2262.030999,
Jerry Donohue,2262.030999,1956,977.9298244,
Jerry Donohue,977.9298244,1955,925.0297195,
Jerry Donohue,925.0297195,1954,506.3159891,
Jerry Donohue,506.3159891,1953,506.3159891,
Jerry Donohue,506.3159891,1952,873.1237796,
Jerry Donohue,873.1237796,1951,889.4963734,
Jerry Donohue,889.4963734,1950,831.3924073,
Jerry Donohue,831.3924073,1949,663.3228807,
Jerry Donohue,663.3228807,1948,578.3494636,
Jerry Donohue,578.3494636,1947,884.2252327,
Jerry Donohue,884.2252327,1946,884.2252327,
Jerry Donohue,884.2252327,1945,517.4174422,
Jerry Donohue,517.4174422,1944,419.0855282,
Jerry Donohue,419.0855282,1943,305.8757692,
Jerry Donohue,305.8757692,1942,305.8757692,
Jerry Donohue,305.8757692,1941,305.8757692,
Jerry Donohue,305.8757692,1940,0,
Jerry Donohue,0,1939,0,
Jerry Donohue,0,1938,0,
Jerry Donohue,0,1937,297.3870991,
Jerry Donohue,297.3870991,1936,297.3870991,
Jerry Donohue,297.3870991,1935,297.3870991,
Jerry Donohue,297.3870991,1934,516.233088,
Jerry Donohue,516.233088,1933,516.233088,
Jerry Donohue,516.233088,1932,853.2075998,
Jerry Donohue,853.2075998,1931,853.2075998,
Jerry Donohue,853.2075998,1930,555.8205007,
Jerry Donohue,555.8205007,1929,555.8205007,
Jerry Donohue,555.8205007,1928,555.8205007,
Jerry Donohue,555.8205007,1927,336.9745118,
Jerry Donohue,336.9745118,1926,336.9745118,
Jerry Donohue,336.9745118,1925,0,
Jerry Donohue,0,1924,0,
Jerry Donohue,0,1923,0,
Jerry Donohue,0,1922,0,
Jerry Donohue,0,1921,2185.02727,
Jerry Donohue,2185.02727,1920,2300.743294,
Jerry Donohue,2300.743294,1919,2300.743294,
Jerry Donohue,2300.743294,1918,2300.743294,
Jerry Donohue,2300.743294,1917,2300.743294,
Jerry Donohue,2300.743294,1916,2300.743294,
Jerry Donohue,2300.743294,1915,2300.743294,
Jerry Donohue,2300.743294,1914,115.7160241,
Jerry Donohue,115.7160241,1913,0,
Jerry Donohue,0,1912,0,
Jerry Donohue,0,1911,0,
Jerry Donohue,0,1910,0,
Jerry Donohue,0,1909,0,
Jerry Donohue,0,1908,0,
Jerry Donohue,0,1907,0,
Jerry Donohue,0,1906,0,
Jerry Donohue,0,1905,0,
Jerry Donohue,0,1904,0,
Jerry Donohue,0,1903,0,
Jerry Donohue,0,1902,0,
Jerry Donohue,0,1901,0,
Jerry Donohue,0,1900,0,
Jerry Donohue,0,1899,0,
Jerry Donohue,0,1898,0,
Jerry Donohue,0,1897,0,
Jerry Donohue,0,1896,0,
Jerry Donohue,0,1895,0,
Jerry Donohue,0,1894,0,
Jerry Donohue,0,1893,0,
Jerry Donohue,0,1892,0,
Jerry Donohue,0,1891,0,
Jerry Donohue,0,1890,0,
Jerry Donohue,0,1889,0,
Jerry Donohue,0,1888,0,
Jerry Donohue,0,1887,0,
Jerry Donohue,0,1886,0,
Jerry Donohue,0,1885,0,
Jerry Donohue,0,1884,0,
Jerry Donohue,0,1883,0,
Jerry Donohue,0,1882,0,
Jerry Donohue,0,1881,0,
Jerry Donohue,0,1880,0,
Jerry Donohue,0,1879,0,
Jerry Donohue,0,1878,0,
Jerry Donohue,0,1877,0,
Jerry Donohue,0,1876,0,
Jerry Donohue,0,1875,0,
Jerry Donohue,0,1874,0,
Jerry Donohue,0,1873,0,
Jerry Donohue,0,1872,0,
Jerry Donohue,0,1871,0,
Jerry Donohue,0,1870,0,
Jerry Donohue,0,1869,0,
Jerry Donohue,0,1868,0,
Jerry Donohue,0,1867,0,
Jerry Donohue,0,1866,0,
Jerry Donohue,0,1865,0,
Jerry Donohue,0,1864,0,
Jerry Donohue,0,1863,0,
Jerry Donohue,0,1862,0,
Jerry Donohue,0,1861,0,
Jerry Donohue,0,1860,0,
Jerry Donohue,0,1859,0,
Jerry Donohue,0,1858,0,
Jerry Donohue,0,1857,0,
Jerry Donohue,0,1856,0,
Jerry Donohue,0,1855,0,
Jerry Donohue,0,1854,0,
Jerry Donohue,0,1853,0,
Jerry Donohue,0,1852,0,
Jerry Donohue,0,1851,0,
Jerry Donohue,0,1850,0,
Jerry Donohue,0,1849,0,
Jerry Donohue,0,1848,0,
Jerry Donohue,0,1847,0,
Jerry Donohue,0,1846,0,
Jerry Donohue,0,1845,0,
Jerry Donohue,0,1844,0,
Jerry Donohue,0,1843,0,
Jerry Donohue,0,1842,0,
Jerry Donohue,0,1841,0,
Jerry Donohue,0,1840,0,
Jerry Donohue,0,1839,0,
Jerry Donohue,0,1838,0,
Jerry Donohue,0,1837,0,
Jerry Donohue,0,1836,0,
Jerry Donohue,0,1835,0,
Jerry Donohue,0,1834,0,
Jerry Donohue,0,1833,0,
Jerry Donohue,0,1832,0,
Jerry Donohue,0,1831,0,
Jerry Donohue,0,1830,0,
Jerry Donohue,0,1829,0,
Jerry Donohue,0,1828,0,
Jerry Donohue,0,1827,0,
Jerry Donohue,0,1826,0,
Jerry Donohue,0,1825,0,
Jerry Donohue,0,1824,0,
Jerry Donohue,0,1823,0,
Jerry Donohue,0,1822,0,
Jerry Donohue,0,1821,0,
Jerry Donohue,0,1820,0,
Jerry Donohue,0,1819,0,
Jerry Donohue,0,1818,0,
Jerry Donohue,0,1817,0,
Jerry Donohue,0,1816,0,
Jerry Donohue,0,1815,0,
Jerry Donohue,0,1814,0,
Jerry Donohue,0,1813,0,
Jerry Donohue,0,1812,0,
Jerry Donohue,0,1811,0,
Jerry Donohue,0,1810,0,
Jerry Donohue,0,1809,0,
Jerry Donohue,0,1808,0,
Jerry Donohue,0,1807,0,
Jerry Donohue,0,1806,0,
Jerry Donohue,0,1805,0,
Jerry Donohue,0,1804,0,
Jerry Donohue,0,1803,0,
Jerry Donohue,0,1802,0,
Jerry Donohue,0,1801,0,
Jerry Donohue,0,1800,0,
James Dewey Watson,2072.079619,2008,2120.074427,
James Dewey Watson,2120.074427,2007,2316.903595,
James Dewey Watson,2316.903595,2006,2259.766628,
James Dewey Watson,2259.766628,2005,2583.122224,
James Dewey Watson,2583.122224,2004,2751.780296,
James Dewey Watson,2751.780296,2003,2927.111791,
James Dewey Watson,2927.111791,2002,2862.433195,
James Dewey Watson,2862.433195,2001,2977.588604,
James Dewey Watson,2977.588604,2000,2979.747544,
James Dewey Watson,2979.747544,1999,2982.075523,
James Dewey Watson,2982.075523,1998,2827.134225,
James Dewey Watson,2827.134225,1997,2787.068497,
James Dewey Watson,2787.068497,1996,2332.821856,
James Dewey Watson,2332.821856,1995,2265.225214,
James Dewey Watson,2265.225214,1994,2183.22855,
James Dewey Watson,2183.22855,1993,1927.615654,
James Dewey Watson,1927.615654,1992,1905.226738,
James Dewey Watson,1905.226738,1991,1675.88838,
James Dewey Watson,1675.88838,1990,1453.650803,
James Dewey Watson,1453.650803,1989,1556.83869,
James Dewey Watson,1556.83869,1988,1600.172598,
James Dewey Watson,1600.172598,1987,1322.741543,
James Dewey Watson,1322.741543,1986,1694.993011,
James Dewey Watson,1694.993011,1985,1626.436501,
James Dewey Watson,1626.436501,1984,1667.919001,
James Dewey Watson,1667.919001,1983,1912.332586,
James Dewey Watson,1912.332586,1982,1775.675186,
James Dewey Watson,1775.675186,1981,1819.096088,
James Dewey Watson,1819.096088,1980,1800.423509,
James Dewey Watson,1800.423509,1979,1488.495692,
James Dewey Watson,1488.495692,1978,1762.32914,
James Dewey Watson,1762.32914,1977,1646.858213,
James Dewey Watson,1646.858213,1976,1342.090685,
James Dewey Watson,1342.090685,1975,1384.721282,
James Dewey Watson,1384.721282,1974,1327.745017,
James Dewey Watson,1327.745017,1973,1405.347386,
James Dewey Watson,1405.347386,1972,1558.844982,
James Dewey Watson,1558.844982,1971,1841.768983,
James Dewey Watson,1841.768983,1970,2018.6138,
James Dewey Watson,2018.6138,1969,2401.099922,
James Dewey Watson,2401.099922,1968,2504.00172,
James Dewey Watson,2504.00172,1967,2764.295872,
James Dewey Watson,2764.295872,1966,2720.709047,
James Dewey Watson,2720.709047,1965,2344.393477,
James Dewey Watson,2344.393477,1964,1663.402622,
James Dewey Watson,1663.402622,1963,1554.574025,
James Dewey Watson,1554.574025,1962,1179.776705,
James Dewey Watson,1179.776705,1961,1082.414063,
James Dewey Watson,1082.414063,1960,804.5263027,
James Dewey Watson,804.5263027,1959,703.1622665,
James Dewey Watson,703.1622665,1958,647.5320558,
James Dewey Watson,647.5320558,1957,586.533647,
James Dewey Watson,586.533647,1956,448.1220474,
James Dewey Watson,448.1220474,1955,303.5369892,
James Dewey Watson,303.5369892,1954,157.2025208,
James Dewey Watson,157.2025208,1953,0,
James Dewey Watson,0,1952,0,
James Dewey Watson,0,1951,0,
James Dewey Watson,0,1950,0,
James Dewey Watson,0,1949,0,
James Dewey Watson,0,1948,0,
James Dewey Watson,0,1947,0,
James Dewey Watson,0,1946,0,
James Dewey Watson,0,1945,0,
James Dewey Watson,0,1944,0,
James Dewey Watson,0,1943,0,
James Dewey Watson,0,1942,0,
James Dewey Watson,0,1941,0,
James Dewey Watson,0,1940,0,
James Dewey Watson,0,1939,0,
James Dewey Watson,0,1938,0,
James Dewey Watson,0,1937,0,
James Dewey Watson,0,1936,0,
James Dewey Watson,0,1935,0,
James Dewey Watson,0,1934,0,
James Dewey Watson,0,1933,0,
James Dewey Watson,0,1932,0,
James Dewey Watson,0,1931,0,
James Dewey Watson,0,1930,0,
James Dewey Watson,0,1929,0,
James Dewey Watson,0,1928,0,
James Dewey Watson,0,1927,0,
James Dewey Watson,0,1926,0,
James Dewey Watson,0,1925,0,
James Dewey Watson,0,1924,0,
James Dewey Watson,0,1923,0,
James Dewey Watson,0,1922,0,
James Dewey Watson,0,1921,0,
James Dewey Watson,0,1920,0,
James Dewey Watson,0,1919,0,
James Dewey Watson,0,1918,0,
James Dewey Watson,0,1917,0,
James Dewey Watson,0,1916,0,
James Dewey Watson,0,1915,0,
James Dewey Watson,0,1914,0,
James Dewey Watson,0,1913,0,
James Dewey Watson,0,1912,0,
James Dewey Watson,0,1911,0,
James Dewey Watson,0,1910,0,
James Dewey Watson,0,1909,0,
James Dewey Watson,0,1908,0,
James Dewey Watson,0,1907,0,
James Dewey Watson,0,1906,0,
James Dewey Watson,0,1905,0,
James Dewey Watson,0,1904,0,
James Dewey Watson,0,1903,0,
James Dewey Watson,0,1902,0,
James Dewey Watson,0,1901,0,
James Dewey Watson,0,1900,0,
James Dewey Watson,0,1899,0,
James Dewey Watson,0,1898,0,
James Dewey Watson,0,1897,0,
James Dewey Watson,0,1896,0,
James Dewey Watson,0,1895,0,
James Dewey Watson,0,1894,0,
James Dewey Watson,0,1893,0,
James Dewey Watson,0,1892,0,
James Dewey Watson,0,1891,0,
James Dewey Watson,0,1890,0,
James Dewey Watson,0,1889,0,
James Dewey Watson,0,1888,0,
James Dewey Watson,0,1887,0,
James Dewey Watson,0,1886,0,
James Dewey Watson,0,1885,0,
James Dewey Watson,0,1884,0,
James Dewey Watson,0,1883,0,
James Dewey Watson,0,1882,0,
James Dewey Watson,0,1881,0,
James Dewey Watson,0,1880,0,
James Dewey Watson,0,1879,0,
James Dewey Watson,0,1878,0,
James Dewey Watson,0,1877,0,
James Dewey Watson,0,1876,0,
James Dewey Watson,0,1875,0,
James Dewey Watson,0,1874,0,
James Dewey Watson,0,1873,0,
James Dewey Watson,0,1872,0,
James Dewey Watson,0,1871,0,
James Dewey Watson,0,1870,0,
James Dewey Watson,0,1869,0,
James Dewey Watson,0,1868,0,
James Dewey Watson,0,1867,0,
James Dewey Watson,0,1866,0,
James Dewey Watson,0,1865,0,
James Dewey Watson,0,1864,0,
James Dewey Watson,0,1863,0,
James Dewey Watson,0,1862,0,
James Dewey Watson,0,1861,0,
James Dewey Watson,0,1860,0,
James Dewey Watson,0,1859,0,
James Dewey Watson,0,1858,0,
James Dewey Watson,0,1857,0,
James Dewey Watson,0,1856,0,
James Dewey Watson,0,1855,0,
James Dewey Watson,0,1854,0,
James Dewey Watson,0,1853,0,
James Dewey Watson,0,1852,0,
James Dewey Watson,0,1851,0,
James Dewey Watson,0,1850,0,
James Dewey Watson,0,1849,0,
James Dewey Watson,0,1848,0,
James Dewey Watson,0,1847,0,
James Dewey Watson,0,1846,0,
James Dewey Watson,0,1845,0,
James Dewey Watson,0,1844,0,
James Dewey Watson,0,1843,0,
James Dewey Watson,0,1842,0,
James Dewey Watson,0,1841,0,
James Dewey Watson,0,1840,0,
James Dewey Watson,0,1839,0,
James Dewey Watson,0,1838,0,
James Dewey Watson,0,1837,0,
James Dewey Watson,0,1836,0,
James Dewey Watson,0,1835,0,
James Dewey Watson,0,1834,0,
James Dewey Watson,0,1833,0,
James Dewey Watson,0,1832,0,
James Dewey Watson,0,1831,0,
James Dewey Watson,0,1830,0,
James Dewey Watson,0,1829,0,
James Dewey Watson,0,1828,0,
James Dewey Watson,0,1827,0,
James Dewey Watson,0,1826,0,
James Dewey Watson,0,1825,0,
James Dewey Watson,0,1824,0,
James Dewey Watson,0,1823,0,
James Dewey Watson,0,1822,0,
James Dewey Watson,0,1821,0,
James Dewey Watson,0,1820,0,
James Dewey Watson,0,1819,0,
James Dewey Watson,0,1818,0,
James Dewey Watson,0,1817,0,
James Dewey Watson,0,1816,0,
James Dewey Watson,0,1815,0,
James Dewey Watson,0,1814,0,
James Dewey Watson,0,1813,0,
James Dewey Watson,0,1812,0,
James Dewey Watson,0,1811,0,
James Dewey Watson,0,1810,0,
James Dewey Watson,0,1809,0,
James Dewey Watson,0,1808,0,
James Dewey Watson,0,1807,0,
James Dewey Watson,0,1806,0,
James Dewey Watson,0,1805,0,
James Dewey Watson,0,1804,0,
James Dewey Watson,0,1803,0,
James Dewey Watson,0,1802,0,
James Dewey Watson,0,1801,0,
James Dewey Watson,0,1800,0,
Jacques Lucien Monod,330.4151432,2008,332.3336911,
Jacques Lucien Monod,332.3336911,2007,350.3013967,
Jacques Lucien Monod,350.3013967,2006,334.4894976,
Jacques Lucien Monod,334.4894976,2005,556.9043005,
Jacques Lucien Monod,556.9043005,2004,640.4829881,
Jacques Lucien Monod,640.4829881,2003,798.8456523,
Jacques Lucien Monod,798.8456523,2002,769.7992244,
Jacques Lucien Monod,769.7992244,2001,832.5888669,
Jacques Lucien Monod,832.5888669,2000,835.0548269,
Jacques Lucien Monod,835.0548269,1999,1249.611692,
Jacques Lucien Monod,1249.611692,1998,1086.848667,
Jacques Lucien Monod,1086.848667,1997,997.3301669,
Jacques Lucien Monod,997.3301669,1996,839.39817,
Jacques Lucien Monod,839.39817,1995,829.7415057,
Jacques Lucien Monod,829.7415057,1994,920.2971559,
Jacques Lucien Monod,920.2971559,1993,920.3914218,
Jacques Lucien Monod,920.3914218,1992,517.7467304,
Jacques Lucien Monod,517.7467304,1991,525.0211337,
Jacques Lucien Monod,525.0211337,1990,511.5421559,
Jacques Lucien Monod,511.5421559,1989,507.310176,
Jacques Lucien Monod,507.310176,1988,540.4080893,
Jacques Lucien Monod,540.4080893,1987,424.511313,
Jacques Lucien Monod,424.511313,1986,359.0739551,
Jacques Lucien Monod,359.0739551,1985,343.8025935,
Jacques Lucien Monod,343.8025935,1984,340.4798705,
Jacques Lucien Monod,340.4798705,1983,410.4658339,
Jacques Lucien Monod,410.4658339,1982,358.2831432,
Jacques Lucien Monod,358.2831432,1981,304.4684326,
Jacques Lucien Monod,304.4684326,1980,218.4473614,
Jacques Lucien Monod,218.4473614,1979,218.4473614,
Jacques Lucien Monod,218.4473614,1978,187.5753917,
Jacques Lucien Monod,187.5753917,1977,165.0376185,
Jacques Lucien Monod,165.0376185,1976,138.8435081,
Jacques Lucien Monod,138.8435081,1975,138.8435081,
Jacques Lucien Monod,138.8435081,1974,138.8435081,
Jacques Lucien Monod,138.8435081,1973,138.8435081,
Jacques Lucien Monod,138.8435081,1972,138.8435081,
Jacques Lucien Monod,138.8435081,1971,255.9997135,
Jacques Lucien Monod,255.9997135,1970,185.6043335,
Jacques Lucien Monod,185.6043335,1969,117.1562054,
Jacques Lucien Monod,117.1562054,1968,117.1562054,
Jacques Lucien Monod,117.1562054,1967,213.8429354,
Jacques Lucien Monod,213.8429354,1966,213.8429354,
Jacques Lucien Monod,213.8429354,1965,213.8429354,
Jacques Lucien Monod,213.8429354,1964,157.6851388,
Jacques Lucien Monod,157.6851388,1963,157.6851388,
Jacques Lucien Monod,157.6851388,1962,157.6851388,
Jacques Lucien Monod,157.6851388,1961,157.6851388,
Jacques Lucien Monod,157.6851388,1960,60.99840871,
Jacques Lucien Monod,60.99840871,1959,60.99840871,
Jacques Lucien Monod,60.99840871,1958,60.99840871,
Jacques Lucien Monod,60.99840871,1957,0,
Jacques Lucien Monod,0,1956,0,
Jacques Lucien Monod,0,1955,0,
Jacques Lucien Monod,0,1954,0,
Jacques Lucien Monod,0,1953,0,
Jacques Lucien Monod,0,1952,0,
Jacques Lucien Monod,0,1951,0,
Jacques Lucien Monod,0,1950,0,
Jacques Lucien Monod,0,1949,0,
Jacques Lucien Monod,0,1948,0,
Jacques Lucien Monod,0,1947,0,
Jacques Lucien Monod,0,1946,0,
Jacques Lucien Monod,0,1945,0,
Jacques Lucien Monod,0,1944,0,
Jacques Lucien Monod,0,1943,0,
Jacques Lucien Monod,0,1942,0,
Jacques Lucien Monod,0,1941,0,
Jacques Lucien Monod,0,1940,0,
Jacques Lucien Monod,0,1939,0,
Jacques Lucien Monod,0,1938,0,
Jacques Lucien Monod,0,1937,0,
Jacques Lucien Monod,0,1936,0,
Jacques Lucien Monod,0,1935,0,
Jacques Lucien Monod,0,1934,0,
Jacques Lucien Monod,0,1933,0,
Jacques Lucien Monod,0,1932,0,
Jacques Lucien Monod,0,1931,0,
Jacques Lucien Monod,0,1930,0,
Jacques Lucien Monod,0,1929,0,
Jacques Lucien Monod,0,1928,0,
Jacques Lucien Monod,0,1927,0,
Jacques Lucien Monod,0,1926,0,
Jacques Lucien Monod,0,1925,0,
Jacques Lucien Monod,0,1924,0,
Jacques Lucien Monod,0,1923,0,
Jacques Lucien Monod,0,1922,0,
Jacques Lucien Monod,0,1921,0,
Jacques Lucien Monod,0,1920,0,
Jacques Lucien Monod,0,1919,0,
Jacques Lucien Monod,0,1918,0,
Jacques Lucien Monod,0,1917,0,
Jacques Lucien Monod,0,1916,0,
Jacques Lucien Monod,0,1915,0,
Jacques Lucien Monod,0,1914,0,
Jacques Lucien Monod,0,1913,0,
Jacques Lucien Monod,0,1912,0,
Jacques Lucien Monod,0,1911,0,
Jacques Lucien Monod,0,1910,0,
Jacques Lucien Monod,0,1909,0,
Jacques Lucien Monod,0,1908,0,
Jacques Lucien Monod,0,1907,0,
Jacques Lucien Monod,0,1906,0,
Jacques Lucien Monod,0,1905,0,
Jacques Lucien Monod,0,1904,0,
Jacques Lucien Monod,0,1903,0,
Jacques Lucien Monod,0,1902,0,
Jacques Lucien Monod,0,1901,0,
Jacques Lucien Monod,0,1900,0,
Jacques Lucien Monod,0,1899,0,
Jacques Lucien Monod,0,1898,0,
Jacques Lucien Monod,0,1897,0,
Jacques Lucien Monod,0,1896,0,
Jacques Lucien Monod,0,1895,0,
Jacques Lucien Monod,0,1894,0,
Jacques Lucien Monod,0,1893,0,
Jacques Lucien Monod,0,1892,0,
Jacques Lucien Monod,0,1891,0,
Jacques Lucien Monod,0,1890,0,
Jacques Lucien Monod,0,1889,0,
Jacques Lucien Monod,0,1888,0,
Jacques Lucien Monod,0,1887,0,
Jacques Lucien Monod,0,1886,0,
Jacques Lucien Monod,0,1885,0,
Jacques Lucien Monod,0,1884,0,
Jacques Lucien Monod,0,1883,0,
Jacques Lucien Monod,0,1882,0,
Jacques Lucien Monod,0,1881,0,
Jacques Lucien Monod,0,1880,0,
Jacques Lucien Monod,0,1879,0,
Jacques Lucien Monod,0,1878,0,
Jacques Lucien Monod,0,1877,0,
Jacques Lucien Monod,0,1876,0,
Jacques Lucien Monod,0,1875,0,
Jacques Lucien Monod,0,1874,0,
Jacques Lucien Monod,0,1873,0,
Jacques Lucien Monod,0,1872,0,
Jacques Lucien Monod,0,1871,0,
Jacques Lucien Monod,0,1870,0,
Jacques Lucien Monod,0,1869,0,
Jacques Lucien Monod,0,1868,0,
Jacques Lucien Monod,0,1867,0,
Jacques Lucien Monod,0,1866,0,
Jacques Lucien Monod,0,1865,0,
Jacques Lucien Monod,0,1864,0,
Jacques Lucien Monod,0,1863,0,
Jacques Lucien Monod,0,1862,0,
Jacques Lucien Monod,0,1861,0,
Jacques Lucien Monod,0,1860,0,
Jacques Lucien Monod,0,1859,0,
Jacques Lucien Monod,0,1858,0,
Jacques Lucien Monod,0,1857,0,
Jacques Lucien Monod,0,1856,0,
Jacques Lucien Monod,0,1855,0,
Jacques Lucien Monod,0,1854,0,
Jacques Lucien Monod,0,1853,0,
Jacques Lucien Monod,0,1852,0,
Jacques Lucien Monod,0,1851,0,
Jacques Lucien Monod,0,1850,0,
Jacques Lucien Monod,0,1849,0,
Jacques Lucien Monod,0,1848,0,
Jacques Lucien Monod,0,1847,0,
Jacques Lucien Monod,0,1846,0,
Jacques Lucien Monod,0,1845,0,
Jacques Lucien Monod,0,1844,0,
Jacques Lucien Monod,0,1843,0,
Jacques Lucien Monod,0,1842,0,
Jacques Lucien Monod,0,1841,0,
Jacques Lucien Monod,0,1840,0,
Jacques Lucien Monod,0,1839,0,
Jacques Lucien Monod,0,1838,0,
Jacques Lucien Monod,0,1837,0,
Jacques Lucien Monod,0,1836,0,
Jacques Lucien Monod,0,1835,0,
Jacques Lucien Monod,0,1834,0,
Jacques Lucien Monod,0,1833,0,
Jacques Lucien Monod,0,1832,0,
Jacques Lucien Monod,0,1831,0,
Jacques Lucien Monod,0,1830,0,
Jacques Lucien Monod,0,1829,0,
Jacques Lucien Monod,0,1828,0,
Jacques Lucien Monod,0,1827,0,
Jacques Lucien Monod,0,1826,0,
Jacques Lucien Monod,0,1825,0,
Jacques Lucien Monod,0,1824,0,
Jacques Lucien Monod,0,1823,0,
Jacques Lucien Monod,0,1822,0,
Jacques Lucien Monod,0,1821,0,
Jacques Lucien Monod,0,1820,0,
Jacques Lucien Monod,0,1819,0,
Jacques Lucien Monod,0,1818,0,
Jacques Lucien Monod,0,1817,0,
Jacques Lucien Monod,0,1816,0,
Jacques Lucien Monod,0,1815,0,
Jacques Lucien Monod,0,1814,0,
Jacques Lucien Monod,0,1813,0,
Jacques Lucien Monod,0,1812,0,
Jacques Lucien Monod,0,1811,0,
Jacques Lucien Monod,0,1810,0,
Jacques Lucien Monod,0,1809,0,
Jacques Lucien Monod,0,1808,0,
Jacques Lucien Monod,0,1807,0,
Jacques Lucien Monod,0,1806,0,
Jacques Lucien Monod,0,1805,0,
Jacques Lucien Monod,0,1804,0,
Jacques Lucien Monod,0,1803,0,
Jacques Lucien Monod,0,1802,0,
Jacques Lucien Monod,0,1801,0,
Jacques Lucien Monod,0,1800,0,
Francis Harry Compton Crick,1223.218166,2008,1236.446701,
Francis Harry Compton Crick,1236.446701,2007,1223.590599,
Francis Harry Compton Crick,1223.590599,2006,1253.213057,
Francis Harry Compton Crick,1253.213057,2005,1539.621795,
Francis Harry Compton Crick,1539.621795,2004,1545.588958,
Francis Harry Compton Crick,1545.588958,2003,1871.820651,
Francis Harry Compton Crick,1871.820651,2002,1869.693146,
Francis Harry Compton Crick,1869.693146,2001,1987.116582,
Francis Harry Compton Crick,1987.116582,2000,1976.310195,
Francis Harry Compton Crick,1976.310195,1999,1990.02589,
Francis Harry Compton Crick,1990.02589,1998,1824.960786,
Francis Harry Compton Crick,1824.960786,1997,1857.466006,
Francis Harry Compton Crick,1857.466006,1996,1305.518481,
Francis Harry Compton Crick,1305.518481,1995,1205.262693,
Francis Harry Compton Crick,1205.262693,1994,1180.145896,
Francis Harry Compton Crick,1180.145896,1993,1140.213909,
Francis Harry Compton Crick,1140.213909,1992,1067.872792,
Francis Harry Compton Crick,1067.872792,1991,1089.801759,
Francis Harry Compton Crick,1089.801759,1990,906.6574337,
Francis Harry Compton Crick,906.6574337,1989,996.7861774,
Francis Harry Compton Crick,996.7861774,1988,1123.151984,
Francis Harry Compton Crick,1123.151984,1987,907.0504268,
Francis Harry Compton Crick,907.0504268,1986,916.4530325,
Francis Harry Compton Crick,916.4530325,1985,803.1583573,
Francis Harry Compton Crick,803.1583573,1984,640.2390721,
Francis Harry Compton Crick,640.2390721,1983,661.9009031,
Francis Harry Compton Crick,661.9009031,1982,551.9668809,
Francis Harry Compton Crick,551.9668809,1981,381.9518154,
Francis Harry Compton Crick,381.9518154,1980,321.5523284,
Francis Harry Compton Crick,321.5523284,1979,380.1756489,
Francis Harry Compton Crick,380.1756489,1978,384.7843036,
Francis Harry Compton Crick,384.7843036,1977,319.5864763,
Francis Harry Compton Crick,319.5864763,1976,327.8478362,
Francis Harry Compton Crick,327.8478362,1975,401.7538048,
Francis Harry Compton Crick,401.7538048,1974,401.7538048,
Francis Harry Compton Crick,401.7538048,1973,439.8000694,
Francis Harry Compton Crick,439.8000694,1972,521.3352607,
Francis Harry Compton Crick,521.3352607,1971,935.1539305,
Francis Harry Compton Crick,935.1539305,1970,978.4158602,
Francis Harry Compton Crick,978.4158602,1969,1097.792385,
Francis Harry Compton Crick,1097.792385,1968,1228.641232,
Francis Harry Compton Crick,1228.641232,1967,1330.194086,
Francis Harry Compton Crick,1330.194086,1966,1345.380331,
Francis Harry Compton Crick,1345.380331,1965,1080.94186,
Francis Harry Compton Crick,1080.94186,1964,694.0945477,
Francis Harry Compton Crick,694.0945477,1963,650.832618,
Francis Harry Compton Crick,650.832618,1962,575.6046354,
Francis Harry Compton Crick,575.6046354,1961,370.8498191,
Francis Harry Compton Crick,370.8498191,1960,269.2969657,
Francis Harry Compton Crick,269.2969657,1959,216.064456,
Francis Harry Compton Crick,216.064456,1958,216.064456,
Francis Harry Compton Crick,216.064456,1957,151.9834258,
Francis Harry Compton Crick,151.9834258,1956,151.9834258,
Francis Harry Compton Crick,151.9834258,1955,0,
Francis Harry Compton Crick,0,1954,0,
Francis Harry Compton Crick,0,1953,0,
Francis Harry Compton Crick,0,1952,0,
Francis Harry Compton Crick,0,1951,0,
Francis Harry Compton Crick,0,1950,0,
Francis Harry Compton Crick,0,1949,0,
Francis Harry Compton Crick,0,1948,0,
Francis Harry Compton Crick,0,1947,0,
Francis Harry Compton Crick,0,1946,0,
Francis Harry Compton Crick,0,1945,0,
Francis Harry Compton Crick,0,1944,0,
Francis Harry Compton Crick,0,1943,0,
Francis Harry Compton Crick,0,1942,0,
Francis Harry Compton Crick,0,1941,0,
Francis Harry Compton Crick,0,1940,0,
Francis Harry Compton Crick,0,1939,0,
Francis Harry Compton Crick,0,1938,0,
Francis Harry Compton Crick,0,1937,0,
Francis Harry Compton Crick,0,1936,0,
Francis Harry Compton Crick,0,1935,0,
Francis Harry Compton Crick,0,1934,0,
Francis Harry Compton Crick,0,1933,0,
Francis Harry Compton Crick,0,1932,0,
Francis Harry Compton Crick,0,1931,0,
Francis Harry Compton Crick,0,1930,0,
Francis Harry Compton Crick,0,1929,0,
Francis Harry Compton Crick,0,1928,0,
Francis Harry Compton Crick,0,1927,0,
Francis Harry Compton Crick,0,1926,0,
Francis Harry Compton Crick,0,1925,0,
Francis Harry Compton Crick,0,1924,0,
Francis Harry Compton Crick,0,1923,0,
Francis Harry Compton Crick,0,1922,0,
Francis Harry Compton Crick,0,1921,0,
Francis Harry Compton Crick,0,1920,0,
Francis Harry Compton Crick,0,1919,0,
Francis Harry Compton Crick,0,1918,0,
Francis Harry Compton Crick,0,1917,0,
Francis Harry Compton Crick,0,1916,0,
Francis Harry Compton Crick,0,1915,0,
Francis Harry Compton Crick,0,1914,0,
Francis Harry Compton Crick,0,1913,0,
Francis Harry Compton Crick,0,1912,0,
Francis Harry Compton Crick,0,1911,0,
Francis Harry Compton Crick,0,1910,0,
Francis Harry Compton Crick,0,1909,0,
Francis Harry Compton Crick,0,1908,0,
Francis Harry Compton Crick,0,1907,0,
Francis Harry Compton Crick,0,1906,0,
Francis Harry Compton Crick,0,1905,0,
Francis Harry Compton Crick,0,1904,0,
Francis Harry Compton Crick,0,1903,0,
Francis Harry Compton Crick,0,1902,0,
Francis Harry Compton Crick,0,1901,0,
Francis Harry Compton Crick,0,1900,0,
Francis Harry Compton Crick,0,1899,0,
Francis Harry Compton Crick,0,1898,0,
Francis Harry Compton Crick,0,1897,0,
Francis Harry Compton Crick,0,1896,0,
Francis Harry Compton Crick,0,1895,0,
Francis Harry Compton Crick,0,1894,0,
Francis Harry Compton Crick,0,1893,0,
Francis Harry Compton Crick,0,1892,0,
Francis Harry Compton Crick,0,1891,0,
Francis Harry Compton Crick,0,1890,0,
Francis Harry Compton Crick,0,1889,0,
Francis Harry Compton Crick,0,1888,0,
Francis Harry Compton Crick,0,1887,0,
Francis Harry Compton Crick,0,1886,0,
Francis Harry Compton Crick,0,1885,0,
Francis Harry Compton Crick,0,1884,0,
Francis Harry Compton Crick,0,1883,0,
Francis Harry Compton Crick,0,1882,0,
Francis Harry Compton Crick,0,1881,0,
Francis Harry Compton Crick,0,1880,0,
Francis Harry Compton Crick,0,1879,0,
Francis Harry Compton Crick,0,1878,0,
Francis Harry Compton Crick,0,1877,0,
Francis Harry Compton Crick,0,1876,0,
Francis Harry Compton Crick,0,1875,0,
Francis Harry Compton Crick,0,1874,0,
Francis Harry Compton Crick,0,1873,0,
Francis Harry Compton Crick,0,1872,0,
Francis Harry Compton Crick,0,1871,0,
Francis Harry Compton Crick,0,1870,0,
Francis Harry Compton Crick,0,1869,0,
Francis Harry Compton Crick,0,1868,0,
Francis Harry Compton Crick,0,1867,0,
Francis Harry Compton Crick,0,1866,0,
Francis Harry Compton Crick,0,1865,0,
Francis Harry Compton Crick,0,1864,0,
Francis Harry Compton Crick,0,1863,0,
Francis Harry Compton Crick,0,1862,0,
Francis Harry Compton Crick,0,1861,0,
Francis Harry Compton Crick,0,1860,0,
Francis Harry Compton Crick,0,1859,0,
Francis Harry Compton Crick,0,1858,0,
Francis Harry Compton Crick,0,1857,0,
Francis Harry Compton Crick,0,1856,0,
Francis Harry Compton Crick,0,1855,0,
Francis Harry Compton Crick,0,1854,0,
Francis Harry Compton Crick,0,1853,0,
Francis Harry Compton Crick,0,1852,0,
Francis Harry Compton Crick,0,1851,0,
Francis Harry Compton Crick,0,1850,0,
Francis Harry Compton Crick,0,1849,0,
Francis Harry Compton Crick,0,1848,0,
Francis Harry Compton Crick,0,1847,0,
Francis Harry Compton Crick,0,1846,0,
Francis Harry Compton Crick,0,1845,0,
Francis Harry Compton Crick,0,1844,0,
Francis Harry Compton Crick,0,1843,0,
Francis Harry Compton Crick,0,1842,0,
Francis Harry Compton Crick,0,1841,0,
Francis Harry Compton Crick,0,1840,0,
Francis Harry Compton Crick,0,1839,0,
Francis Harry Compton Crick,0,1838,0,
Francis Harry Compton Crick,0,1837,0,
Francis Harry Compton Crick,0,1836,0,
Francis Harry Compton Crick,0,1835,0,
Francis Harry Compton Crick,0,1834,0,
Francis Harry Compton Crick,0,1833,0,
Francis Harry Compton Crick,0,1832,0,
Francis Harry Compton Crick,0,1831,0,
Francis Harry Compton Crick,0,1830,0,
Francis Harry Compton Crick,0,1829,0,
Francis Harry Compton Crick,0,1828,0,
Francis Harry Compton Crick,0,1827,0,
Francis Harry Compton Crick,0,1826,0,
Francis Harry Compton Crick,0,1825,0,
Francis Harry Compton Crick,0,1824,0,
Francis Harry Compton Crick,0,1823,0,
Francis Harry Compton Crick,0,1822,0,
Francis Harry Compton Crick,0,1821,0,
Francis Harry Compton Crick,0,1820,0,
Francis Harry Compton Crick,0,1819,0,
Francis Harry Compton Crick,0,1818,0,
Francis Harry Compton Crick,0,1817,0,
Francis Harry Compton Crick,0,1816,0,
Francis Harry Compton Crick,0,1815,0,
Francis Harry Compton Crick,0,1814,0,
Francis Harry Compton Crick,0,1813,0,
Francis Harry Compton Crick,0,1812,0,
Francis Harry Compton Crick,0,1811,0,
Francis Harry Compton Crick,0,1810,0,
Francis Harry Compton Crick,0,1809,0,
Francis Harry Compton Crick,0,1808,0,
Francis Harry Compton Crick,0,1807,0,
Francis Harry Compton Crick,0,1806,0,
Francis Harry Compton Crick,0,1805,0,
Francis Harry Compton Crick,0,1804,0,
Francis Harry Compton Crick,0,1803,0,
Francis Harry Compton Crick,0,1802,0,
Francis Harry Compton Crick,0,1801,0,
Francis Harry Compton Crick,0,1800,0,
Erwin Chargaff,8701.297571,2008,8967.422627,
Erwin Chargaff,8967.422627,2007,9450.701333,
Erwin Chargaff,9450.701333,2006,9739.816255,
Erwin Chargaff,9739.816255,2005,11008.83714,
Erwin Chargaff,11008.83714,2004,12074.8049,
Erwin Chargaff,12074.8049,2003,12445.53705,
Erwin Chargaff,12445.53705,2002,12290.92663,
Erwin Chargaff,12290.92663,2001,12326.6517,
Erwin Chargaff,12326.6517,2000,12653.29302,
Erwin Chargaff,12653.29302,1999,12427.24362,
Erwin Chargaff,12427.24362,1998,11507.39072,
Erwin Chargaff,11507.39072,1997,10269.01814,
Erwin Chargaff,10269.01814,1996,9996.772045,
Erwin Chargaff,9996.772045,1995,9922.951476,
Erwin Chargaff,9922.951476,1994,9876.239255,
Erwin Chargaff,9876.239255,1993,10241.87148,
Erwin Chargaff,10241.87148,1992,9904.849893,
Erwin Chargaff,9904.849893,1991,10019.66725,
Erwin Chargaff,10019.66725,1990,10224.47181,
Erwin Chargaff,10224.47181,1989,9857.355123,
Erwin Chargaff,9857.355123,1988,10126.59004,
Erwin Chargaff,10126.59004,1987,10069.16766,
Erwin Chargaff,10069.16766,1986,8496.933696,
Erwin Chargaff,8496.933696,1985,8508.53153,
Erwin Chargaff,8508.53153,1984,8839.207842,
Erwin Chargaff,8839.207842,1983,9618.79262,
Erwin Chargaff,9618.79262,1982,9498.606917,
Erwin Chargaff,9498.606917,1981,9944.143096,
Erwin Chargaff,9944.143096,1980,9317.764782,
Erwin Chargaff,9317.764782,1979,9465.09861,
Erwin Chargaff,9465.09861,1978,9185.718598,
Erwin Chargaff,9185.718598,1977,7805.920513,
Erwin Chargaff,7805.920513,1976,6523.519534,
Erwin Chargaff,6523.519534,1975,6288.837927,
Erwin Chargaff,6288.837927,1974,4665.741729,
Erwin Chargaff,4665.741729,1973,4169.550895,
Erwin Chargaff,4169.550895,1972,3928.742379,
Erwin Chargaff,3928.742379,1971,3605.101265,
Erwin Chargaff,3605.101265,1970,3656.863035,
Erwin Chargaff,3656.863035,1969,3642.700332,
Erwin Chargaff,3642.700332,1968,4632.214453,
Erwin Chargaff,4632.214453,1967,4529.09548,
Erwin Chargaff,4529.09548,1966,4480.401352,
Erwin Chargaff,4480.401352,1965,3864.686016,
Erwin Chargaff,3864.686016,1964,3845.555192,
Erwin Chargaff,3845.555192,1963,3491.514173,
Erwin Chargaff,3491.514173,1962,2623.845633,
Erwin Chargaff,2623.845633,1961,1065.647538,
Erwin Chargaff,1065.647538,1960,1284.78006,
Erwin Chargaff,1284.78006,1959,1480.193301,
Erwin Chargaff,1480.193301,1958,1865.800387,
Erwin Chargaff,1865.800387,1957,1571.524101,
Erwin Chargaff,1571.524101,1956,1571.524101,
Erwin Chargaff,1571.524101,1955,1826.444345,
Erwin Chargaff,1826.444345,1954,1756.658723,
Erwin Chargaff,1756.658723,1953,1306.862142,
Erwin Chargaff,1306.862142,1952,917.9898746,
Erwin Chargaff,917.9898746,1951,426.2339688,
Erwin Chargaff,426.2339688,1950,254.9202436,
Erwin Chargaff,254.9202436,1949,254.9202436,
Erwin Chargaff,254.9202436,1948,0,
Erwin Chargaff,0,1947,917.6273075,
Erwin Chargaff,917.6273075,1946,917.6273075,
Erwin Chargaff,917.6273075,1945,917.6273075,
Erwin Chargaff,917.6273075,1944,917.6273075,
Erwin Chargaff,917.6273075,1943,917.6273075,
Erwin Chargaff,917.6273075,1942,917.6273075,
Erwin Chargaff,917.6273075,1941,917.6273075,
Erwin Chargaff,917.6273075,1940,0,
Erwin Chargaff,0,1939,0,
Erwin Chargaff,0,1938,0,
Erwin Chargaff,0,1937,0,
Erwin Chargaff,0,1936,0,
Erwin Chargaff,0,1935,0,
Erwin Chargaff,0,1934,0,
Erwin Chargaff,0,1933,354.0319149,
Erwin Chargaff,354.0319149,1932,354.0319149,
Erwin Chargaff,354.0319149,1931,354.0319149,
Erwin Chargaff,354.0319149,1930,354.0319149,
Erwin Chargaff,354.0319149,1929,354.0319149,
Erwin Chargaff,354.0319149,1928,354.0319149,
Erwin Chargaff,354.0319149,1927,354.0319149,
Erwin Chargaff,354.0319149,1926,0,
Erwin Chargaff,0,1925,0,
Erwin Chargaff,0,1924,0,
Erwin Chargaff,0,1923,0,
Erwin Chargaff,0,1922,0,
Erwin Chargaff,0,1921,0,
Erwin Chargaff,0,1920,0,
Erwin Chargaff,0,1919,0,
Erwin Chargaff,0,1918,0,
Erwin Chargaff,0,1917,0,
Erwin Chargaff,0,1916,0,
Erwin Chargaff,0,1915,0,
Erwin Chargaff,0,1914,0,
Erwin Chargaff,0,1913,0,
Erwin Chargaff,0,1912,0,
Erwin Chargaff,0,1911,0,
Erwin Chargaff,0,1910,0,
Erwin Chargaff,0,1909,0,
Erwin Chargaff,0,1908,0,
Erwin Chargaff,0,1907,0,
Erwin Chargaff,0,1906,0,
Erwin Chargaff,0,1905,0,
Erwin Chargaff,0,1904,0,
Erwin Chargaff,0,1903,0,
Erwin Chargaff,0,1902,0,
Erwin Chargaff,0,1901,0,
Erwin Chargaff,0,1900,0,
Erwin Chargaff,0,1899,0,
Erwin Chargaff,0,1898,0,
Erwin Chargaff,0,1897,0,
Erwin Chargaff,0,1896,0,
Erwin Chargaff,0,1895,0,
Erwin Chargaff,0,1894,0,
Erwin Chargaff,0,1893,0,
Erwin Chargaff,0,1892,0,
Erwin Chargaff,0,1891,0,
Erwin Chargaff,0,1890,0,
Erwin Chargaff,0,1889,0,
Erwin Chargaff,0,1888,0,
Erwin Chargaff,0,1887,0,
Erwin Chargaff,0,1886,0,
Erwin Chargaff,0,1885,0,
Erwin Chargaff,0,1884,0,
Erwin Chargaff,0,1883,0,
Erwin Chargaff,0,1882,0,
Erwin Chargaff,0,1881,0,
Erwin Chargaff,0,1880,0,
Erwin Chargaff,0,1879,0,
Erwin Chargaff,0,1878,0,
Erwin Chargaff,0,1877,0,
Erwin Chargaff,0,1876,0,
Erwin Chargaff,0,1875,0,
Erwin Chargaff,0,1874,0,
Erwin Chargaff,0,1873,0,
Erwin Chargaff,0,1872,0,
Erwin Chargaff,0,1871,0,
Erwin Chargaff,0,1870,0,
Erwin Chargaff,0,1869,0,
Erwin Chargaff,0,1868,0,
Erwin Chargaff,0,1867,0,
Erwin Chargaff,0,1866,0,
Erwin Chargaff,0,1865,0,
Erwin Chargaff,0,1864,0,
Erwin Chargaff,0,1863,0,
Erwin Chargaff,0,1862,0,
Erwin Chargaff,0,1861,0,
Erwin Chargaff,0,1860,0,
Erwin Chargaff,0,1859,0,
Erwin Chargaff,0,1858,0,
Erwin Chargaff,0,1857,0,
Erwin Chargaff,0,1856,0,
Erwin Chargaff,0,1855,0,
Erwin Chargaff,0,1854,0,
Erwin Chargaff,0,1853,0,
Erwin Chargaff,0,1852,0,
Erwin Chargaff,0,1851,0,
Erwin Chargaff,0,1850,0,
Erwin Chargaff,0,1849,0,
Erwin Chargaff,0,1848,0,
Erwin Chargaff,0,1847,0,
Erwin Chargaff,0,1846,0,
Erwin Chargaff,0,1845,0,
Erwin Chargaff,0,1844,0,
Erwin Chargaff,0,1843,0,
Erwin Chargaff,0,1842,0,
Erwin Chargaff,0,1841,0,
Erwin Chargaff,0,1840,0,
Erwin Chargaff,0,1839,0,
Erwin Chargaff,0,1838,0,
Erwin Chargaff,0,1837,0,
Erwin Chargaff,0,1836,0,
Erwin Chargaff,0,1835,0,
Erwin Chargaff,0,1834,0,
Erwin Chargaff,0,1833,0,
Erwin Chargaff,0,1832,0,
Erwin Chargaff,0,1831,0,
Erwin Chargaff,0,1830,0,
Erwin Chargaff,0,1829,0,
Erwin Chargaff,0,1828,0,
Erwin Chargaff,0,1827,0,
Erwin Chargaff,0,1826,0,
Erwin Chargaff,0,1825,0,
Erwin Chargaff,0,1824,0,
Erwin Chargaff,0,1823,0,
Erwin Chargaff,0,1822,0,
Erwin Chargaff,0,1821,0,
Erwin Chargaff,0,1820,0,
Erwin Chargaff,0,1819,0,
Erwin Chargaff,0,1818,0,
Erwin Chargaff,0,1817,0,
Erwin Chargaff,0,1816,0,
Erwin Chargaff,0,1815,0,
Erwin Chargaff,0,1814,0,
Erwin Chargaff,0,1813,0,
Erwin Chargaff,0,1812,0,
Erwin Chargaff,0,1811,0,
Erwin Chargaff,0,1810,0,
Erwin Chargaff,0,1809,0,
Erwin Chargaff,0,1808,0,
Erwin Chargaff,0,1807,0,
Erwin Chargaff,0,1806,0,
Erwin Chargaff,0,1805,0,
Erwin Chargaff,0,1804,0,
Erwin Chargaff,0,1803,0,
Erwin Chargaff,0,1802,0,
Erwin Chargaff,0,1801,0,
Erwin Chargaff,0,1800,0,
